Time,U,V,W
0,4.27E+08,-2.14E+08,-2.14E+08
0.0030012,4.27E+08,-2.06E+08,-2.21E+08
0.006002401,4.27E+08,-1.98E+08,-2.29E+08
0.009003601,4.26E+08,-1.90E+08,-2.36E+08
0.012004802,4.26E+08,-1.82E+08,-2.44E+08
0.015006002,4.25E+08,-1.74E+08,-2.51E+08
0.018007203,4.24E+08,-1.66E+08,-2.58E+08
0.021008403,4.23E+08,-1.57E+08,-2.65E+08
0.024009604,4.21E+08,-1.49E+08,-2.72E+08
0.027010804,4.20E+08,-1.41E+08,-2.79E+08
0.030012005,4.18E+08,-1.32E+08,-2.86E+08
0.033013205,4.16E+08,-1.23E+08,-2.92E+08
0.036014406,4.14E+08,-1.15E+08,-2.99E+08
0.039015606,4.12E+08,-1.06E+08,-3.05E+08
0.042016807,4.09E+08,-9.76E+07,-3.11E+08
0.045018007,4.06E+08,-8.88E+07,-3.18E+08
0.048019208,4.03E+08,-8.01E+07,-3.23E+08
0.051020408,4.00E+08,-7.13E+07,-3.29E+08
0.054021609,3.97E+08,-6.24E+07,-3.35E+08
0.057022809,3.94E+08,-5.35E+07,-3.40E+08
0.06002401,3.90E+08,-4.47E+07,-3.46E+08
0.06302521,3.87E+08,-3.58E+07,-3.51E+08
0.066026411,3.83E+08,-2.68E+07,-3.56E+08
0.069027611,3.79E+08,-1.79E+07,-3.61E+08
0.072028812,3.74E+08,-8947511.913,-3.65E+08
0.075030012,3.70E+08,2.62E-08,-3.70E+08
0.078031212,3.65E+08,8947511.913,-3.74E+08
0.081032413,3.61E+08,1.79E+07,-3.79E+08
0.084033613,3.56E+08,2.68E+07,-3.83E+08
0.087034814,3.51E+08,3.58E+07,-3.87E+08
0.090036014,3.46E+08,4.47E+07,-3.90E+08
0.093037215,3.40E+08,5.35E+07,-3.94E+08
0.096038415,3.35E+08,6.24E+07,-3.97E+08
0.099039616,3.29E+08,7.13E+07,-4.00E+08
0.102040816,3.23E+08,8.01E+07,-4.03E+08
0.105042017,3.18E+08,8.88E+07,-4.06E+08
0.108043217,3.11E+08,9.76E+07,-4.09E+08
0.111044418,3.05E+08,1.06E+08,-4.12E+08
0.114045618,2.99E+08,1.15E+08,-4.14E+08
0.117046819,2.92E+08,1.23E+08,-4.16E+08
0.120048019,2.86E+08,1.32E+08,-4.18E+08
0.12304922,2.79E+08,1.41E+08,-4.20E+08
0.12605042,2.72E+08,1.49E+08,-4.21E+08
0.129051621,2.65E+08,1.57E+08,-4.23E+08
0.132052821,2.58E+08,1.66E+08,-4.24E+08
0.135054022,2.51E+08,1.74E+08,-4.25E+08
0.138055222,2.44E+08,1.82E+08,-4.26E+08
0.141056423,2.36E+08,1.90E+08,-4.26E+08
0.144057623,2.29E+08,1.98E+08,-4.27E+08
0.147058824,2.21E+08,2.06E+08,-4.27E+08
0.150060024,2.14E+08,2.14E+08,-4.27E+08
0.153061224,2.06E+08,2.21E+08,-4.27E+08
0.156062425,1.98E+08,2.29E+08,-4.27E+08
0.159063625,1.90E+08,2.36E+08,-4.26E+08
0.162064826,1.82E+08,2.44E+08,-4.26E+08
0.165066026,1.74E+08,2.51E+08,-4.25E+08
0.168067227,1.66E+08,2.58E+08,-4.24E+08
0.171068427,1.57E+08,2.65E+08,-4.23E+08
0.174069628,1.49E+08,2.72E+08,-4.21E+08
0.177070828,1.41E+08,2.79E+08,-4.20E+08
0.180072029,1.32E+08,2.86E+08,-4.18E+08
0.183073229,1.23E+08,2.92E+08,-4.16E+08
0.18607443,1.15E+08,2.99E+08,-4.14E+08
0.18907563,1.06E+08,3.05E+08,-4.12E+08
0.192076831,9.76E+07,3.11E+08,-4.09E+08
0.195078031,8.88E+07,3.18E+08,-4.06E+08
0.198079232,8.01E+07,3.23E+08,-4.03E+08
0.201080432,7.13E+07,3.29E+08,-4.00E+08
0.204081633,6.24E+07,3.35E+08,-3.97E+08
0.207082833,5.35E+07,3.40E+08,-3.94E+08
0.210084034,4.47E+07,3.46E+08,-3.90E+08
0.213085234,3.58E+07,3.51E+08,-3.87E+08
0.216086435,2.68E+07,3.56E+08,-3.83E+08
0.219087635,1.79E+07,3.61E+08,-3.79E+08
0.222088836,8947511.913,3.65E+08,-3.74E+08
0.225090036,2.62E-08,3.70E+08,-3.70E+08
0.228091236,-8947511.913,3.74E+08,-3.65E+08
0.231092437,-1.79E+07,3.79E+08,-3.61E+08
0.234093637,-2.68E+07,3.83E+08,-3.56E+08
0.237094838,-3.58E+07,3.87E+08,-3.51E+08
0.240096038,-4.47E+07,3.90E+08,-3.46E+08
0.243097239,-5.35E+07,3.94E+08,-3.40E+08
0.246098439,-6.24E+07,3.97E+08,-3.35E+08
0.24909964,-7.13E+07,4.00E+08,-3.29E+08
0.25210084,-8.01E+07,4.03E+08,-3.23E+08
0.255102041,-8.88E+07,4.06E+08,-3.18E+08
0.258103241,-9.76E+07,4.09E+08,-3.11E+08
0.261104442,-1.06E+08,4.12E+08,-3.05E+08
0.264105642,-1.15E+08,4.14E+08,-2.99E+08
0.267106843,-1.23E+08,4.16E+08,-2.92E+08
0.270108043,-1.32E+08,4.18E+08,-2.86E+08
0.273109244,-1.41E+08,4.20E+08,-2.79E+08
0.276110444,-1.49E+08,4.21E+08,-2.72E+08
0.279111645,-1.57E+08,4.23E+08,-2.65E+08
0.282112845,-1.66E+08,4.24E+08,-2.58E+08
0.285114046,-1.74E+08,4.25E+08,-2.51E+08
0.288115246,-1.82E+08,4.26E+08,-2.44E+08
0.291116447,-1.90E+08,4.26E+08,-2.36E+08
0.294117647,-1.98E+08,4.27E+08,-2.29E+08
0.297118848,-2.06E+08,4.27E+08,-2.21E+08
0.300120048,-2.14E+08,4.27E+08,-2.14E+08
0.303121248,-2.21E+08,4.27E+08,-2.06E+08
0.306122449,-2.29E+08,4.27E+08,-1.98E+08
0.309123649,-2.36E+08,4.26E+08,-1.90E+08
0.31212485,-2.44E+08,4.26E+08,-1.82E+08
0.31512605,-2.51E+08,4.25E+08,-1.74E+08
0.318127251,-2.58E+08,4.24E+08,-1.66E+08
0.321128451,-2.65E+08,4.23E+08,-1.57E+08
0.324129652,-2.72E+08,4.21E+08,-1.49E+08
0.327130852,-2.79E+08,4.20E+08,-1.41E+08
0.330132053,-2.86E+08,4.18E+08,-1.32E+08
0.333133253,-2.92E+08,4.16E+08,-1.23E+08
0.336134454,-2.99E+08,4.14E+08,-1.15E+08
0.339135654,-3.05E+08,4.12E+08,-1.06E+08
0.342136855,-3.11E+08,4.09E+08,-9.76E+07
0.345138055,-3.18E+08,4.06E+08,-8.88E+07
0.348139256,-3.23E+08,4.03E+08,-8.01E+07
0.351140456,-3.29E+08,4.00E+08,-7.13E+07
0.354141657,-3.35E+08,3.97E+08,-6.24E+07
0.357142857,-3.40E+08,3.94E+08,-5.35E+07
0.360144058,-3.46E+08,3.90E+08,-4.47E+07
0.363145258,-3.51E+08,3.87E+08,-3.58E+07
0.366146459,-3.56E+08,3.83E+08,-2.68E+07
0.369147659,-3.61E+08,3.79E+08,-1.79E+07
0.37214886,-3.65E+08,3.74E+08,-8947511.913
0.37515006,-3.70E+08,3.70E+08,2.16E-07
0.378151261,-3.74E+08,3.65E+08,8947511.913
0.381152461,-3.79E+08,3.61E+08,1.79E+07
0.384153661,-3.83E+08,3.56E+08,2.68E+07
0.387154862,-3.87E+08,3.51E+08,3.58E+07
0.390156062,-3.90E+08,3.46E+08,4.47E+07
0.393157263,-3.94E+08,3.40E+08,5.35E+07
0.396158463,-3.97E+08,3.35E+08,6.24E+07
0.399159664,-4.00E+08,3.29E+08,7.13E+07
0.402160864,-4.03E+08,3.23E+08,8.01E+07
0.405162065,-4.06E+08,3.18E+08,8.88E+07
0.408163265,-4.09E+08,3.11E+08,9.76E+07
0.411164466,-4.12E+08,3.05E+08,1.06E+08
0.414165666,-4.14E+08,2.99E+08,1.15E+08
0.417166867,-4.16E+08,2.92E+08,1.23E+08
0.420168067,-4.18E+08,2.86E+08,1.32E+08
0.423169268,-4.20E+08,2.79E+08,1.41E+08
0.426170468,-4.21E+08,2.72E+08,1.49E+08
0.429171669,-4.23E+08,2.65E+08,1.57E+08
0.432172869,-4.24E+08,2.58E+08,1.66E+08
0.43517407,-4.25E+08,2.51E+08,1.74E+08
0.43817527,-4.26E+08,2.44E+08,1.82E+08
0.441176471,-4.26E+08,2.36E+08,1.90E+08
0.444177671,-4.27E+08,2.29E+08,1.98E+08
0.447178872,-4.27E+08,2.21E+08,2.06E+08
0.450180072,-4.27E+08,2.14E+08,2.14E+08
0.453181273,-4.27E+08,2.06E+08,2.21E+08
0.456182473,-4.27E+08,1.98E+08,2.29E+08
0.459183673,-4.26E+08,1.90E+08,2.36E+08
0.462184874,-4.26E+08,1.82E+08,2.44E+08
0.465186074,-4.25E+08,1.74E+08,2.51E+08
0.468187275,-4.24E+08,1.66E+08,2.58E+08
0.471188475,-4.23E+08,1.57E+08,2.65E+08
0.474189676,-4.21E+08,1.49E+08,2.72E+08
0.477190876,-4.20E+08,1.41E+08,2.79E+08
0.480192077,-4.18E+08,1.32E+08,2.86E+08
0.483193277,-4.16E+08,1.23E+08,2.92E+08
0.486194478,-4.14E+08,1.15E+08,2.99E+08
0.489195678,-4.12E+08,1.06E+08,3.05E+08
0.492196879,-4.09E+08,9.76E+07,3.11E+08
0.495198079,-4.06E+08,8.88E+07,3.18E+08
0.49819928,-4.03E+08,8.01E+07,3.23E+08
0.50120048,-4.00E+08,7.13E+07,3.29E+08
0.504201681,-3.97E+08,6.24E+07,3.35E+08
0.507202881,-3.94E+08,5.35E+07,3.40E+08
0.510204082,-3.90E+08,4.47E+07,3.46E+08
0.513205282,-3.87E+08,3.58E+07,3.51E+08
0.516206483,-3.83E+08,2.68E+07,3.56E+08
0.519207683,-3.79E+08,1.79E+07,3.61E+08
0.522208884,-3.74E+08,8947511.913,3.65E+08
0.525210084,-3.70E+08,2.16E-07,3.70E+08
0.528211285,-3.65E+08,-8947511.913,3.74E+08
0.531212485,-3.61E+08,-1.79E+07,3.79E+08
0.534213685,-3.56E+08,-2.68E+07,3.83E+08
0.537214886,-3.51E+08,-3.58E+07,3.87E+08
0.540216086,-3.46E+08,-4.47E+07,3.90E+08
0.543217287,-3.40E+08,-5.35E+07,3.94E+08
0.546218487,-3.35E+08,-6.24E+07,3.97E+08
0.549219688,-3.29E+08,-7.13E+07,4.00E+08
0.552220888,-3.23E+08,-8.01E+07,4.03E+08
0.555222089,-3.18E+08,-8.88E+07,4.06E+08
0.558223289,-3.11E+08,-9.76E+07,4.09E+08
0.56122449,-3.05E+08,-1.06E+08,4.12E+08
0.56422569,-2.99E+08,-1.15E+08,4.14E+08
0.567226891,-2.92E+08,-1.23E+08,4.16E+08
0.570228091,-2.86E+08,-1.32E+08,4.18E+08
0.573229292,-2.79E+08,-1.41E+08,4.20E+08
0.576230492,-2.72E+08,-1.49E+08,4.21E+08
0.579231693,-2.65E+08,-1.57E+08,4.23E+08
0.582232893,-2.58E+08,-1.66E+08,4.24E+08
0.585234094,-2.51E+08,-1.74E+08,4.25E+08
0.588235294,-2.44E+08,-1.82E+08,4.26E+08
0.591236495,-2.36E+08,-1.90E+08,4.26E+08
0.594237695,-2.29E+08,-1.98E+08,4.27E+08
0.597238896,-2.21E+08,-2.06E+08,4.27E+08
0.600240096,-2.14E+08,-2.14E+08,4.27E+08
0.603241297,-2.06E+08,-2.21E+08,4.27E+08
0.606242497,-1.98E+08,-2.29E+08,4.27E+08
0.609243697,-1.90E+08,-2.36E+08,4.26E+08
0.612244898,-1.82E+08,-2.44E+08,4.26E+08
0.615246098,-1.74E+08,-2.51E+08,4.25E+08
0.618247299,-1.66E+08,-2.58E+08,4.24E+08
0.621248499,-1.57E+08,-2.65E+08,4.23E+08
0.6242497,-1.49E+08,-2.72E+08,4.21E+08
0.6272509,-1.41E+08,-2.79E+08,4.20E+08
0.630252101,-1.32E+08,-2.86E+08,4.18E+08
0.633253301,-1.23E+08,-2.92E+08,4.16E+08
0.636254502,-1.15E+08,-2.99E+08,4.14E+08
0.639255702,-1.06E+08,-3.05E+08,4.12E+08
0.642256903,-9.76E+07,-3.11E+08,4.09E+08
0.645258103,-8.88E+07,-3.18E+08,4.06E+08
0.648259304,-8.01E+07,-3.23E+08,4.03E+08
0.651260504,-7.13E+07,-3.29E+08,4.00E+08
0.654261705,-6.24E+07,-3.35E+08,3.97E+08
0.657262905,-5.35E+07,-3.40E+08,3.94E+08
0.660264106,-4.47E+07,-3.46E+08,3.90E+08
0.663265306,-3.58E+07,-3.51E+08,3.87E+08
0.666266507,-2.68E+07,-3.56E+08,3.83E+08
0.669267707,-1.79E+07,-3.61E+08,3.79E+08
0.672268908,-8947511.913,-3.65E+08,3.74E+08
0.675270108,-4.58E-07,-3.70E+08,3.70E+08
0.678271309,8947511.913,-3.74E+08,3.65E+08
0.681272509,1.79E+07,-3.79E+08,3.61E+08
0.684273709,2.68E+07,-3.83E+08,3.56E+08
0.68727491,3.58E+07,-3.87E+08,3.51E+08
0.69027611,4.47E+07,-3.90E+08,3.46E+08
0.693277311,5.35E+07,-3.94E+08,3.40E+08
0.696278511,6.24E+07,-3.97E+08,3.35E+08
0.699279712,7.13E+07,-4.00E+08,3.29E+08
0.702280912,8.01E+07,-4.03E+08,3.23E+08
0.705282113,8.88E+07,-4.06E+08,3.18E+08
0.708283313,9.76E+07,-4.09E+08,3.11E+08
0.711284514,1.06E+08,-4.12E+08,3.05E+08
0.714285714,1.15E+08,-4.14E+08,2.99E+08
0.717286915,1.23E+08,-4.16E+08,2.92E+08
0.720288115,1.32E+08,-4.18E+08,2.86E+08
0.723289316,1.41E+08,-4.20E+08,2.79E+08
0.726290516,1.49E+08,-4.21E+08,2.72E+08
0.729291717,1.57E+08,-4.23E+08,2.65E+08
0.732292917,1.66E+08,-4.24E+08,2.58E+08
0.735294118,1.74E+08,-4.25E+08,2.51E+08
0.738295318,1.82E+08,-4.26E+08,2.44E+08
0.741296519,1.90E+08,-4.26E+08,2.36E+08
0.744297719,1.98E+08,-4.27E+08,2.29E+08
0.74729892,2.06E+08,-4.27E+08,2.21E+08
0.75030012,2.14E+08,-4.27E+08,2.14E+08
0.753301321,2.21E+08,-4.27E+08,2.06E+08
0.756302521,2.29E+08,-4.27E+08,1.98E+08
0.759303721,2.36E+08,-4.26E+08,1.90E+08
0.762304922,2.44E+08,-4.26E+08,1.82E+08
0.765306122,2.51E+08,-4.25E+08,1.74E+08
0.768307323,2.58E+08,-4.24E+08,1.66E+08
0.771308523,2.65E+08,-4.23E+08,1.57E+08
0.774309724,2.72E+08,-4.21E+08,1.49E+08
0.777310924,2.79E+08,-4.20E+08,1.41E+08
0.780312125,2.86E+08,-4.18E+08,1.32E+08
0.783313325,2.92E+08,-4.16E+08,1.23E+08
0.786314526,2.99E+08,-4.14E+08,1.15E+08
0.789315726,3.05E+08,-4.12E+08,1.06E+08
0.792316927,3.11E+08,-4.09E+08,9.76E+07
0.795318127,3.18E+08,-4.06E+08,8.88E+07
0.798319328,3.23E+08,-4.03E+08,8.01E+07
0.801320528,3.29E+08,-4.00E+08,7.13E+07
0.804321729,3.35E+08,-3.97E+08,6.24E+07
0.807322929,3.40E+08,-3.94E+08,5.35E+07
0.81032413,3.46E+08,-3.90E+08,4.47E+07
0.81332533,3.51E+08,-3.87E+08,3.58E+07
0.816326531,3.56E+08,-3.83E+08,2.68E+07
0.819327731,3.61E+08,-3.79E+08,1.79E+07
0.822328932,3.65E+08,-3.74E+08,8947511.913
0.825330132,3.70E+08,-3.70E+08,2.62E-08
0.828331333,3.74E+08,-3.65E+08,-8947511.913
0.831332533,3.79E+08,-3.61E+08,-1.79E+07
0.834333733,3.83E+08,-3.56E+08,-2.68E+07
0.837334934,3.87E+08,-3.51E+08,-3.58E+07
0.840336134,3.90E+08,-3.46E+08,-4.47E+07
0.843337335,3.94E+08,-3.40E+08,-5.35E+07
0.846338535,3.97E+08,-3.35E+08,-6.24E+07
0.849339736,4.00E+08,-3.29E+08,-7.13E+07
0.852340936,4.03E+08,-3.23E+08,-8.01E+07
0.855342137,4.06E+08,-3.18E+08,-8.88E+07
0.858343337,4.09E+08,-3.11E+08,-9.76E+07
0.861344538,4.12E+08,-3.05E+08,-1.06E+08
0.864345738,4.14E+08,-2.99E+08,-1.15E+08
0.867346939,4.16E+08,-2.92E+08,-1.23E+08
0.870348139,4.18E+08,-2.86E+08,-1.32E+08
0.87334934,4.20E+08,-2.79E+08,-1.41E+08
0.87635054,4.21E+08,-2.72E+08,-1.49E+08
0.879351741,4.23E+08,-2.65E+08,-1.57E+08
0.882352941,4.24E+08,-2.58E+08,-1.66E+08
0.885354142,4.25E+08,-2.51E+08,-1.74E+08
0.888355342,4.26E+08,-2.44E+08,-1.82E+08
0.891356543,4.26E+08,-2.36E+08,-1.90E+08
0.894357743,4.27E+08,-2.29E+08,-1.98E+08
0.897358944,4.27E+08,-2.21E+08,-2.06E+08
0.900360144,4.27E+08,-2.14E+08,-2.14E+08
0.903361345,4.27E+08,-2.06E+08,-2.21E+08
0.906362545,4.27E+08,-1.98E+08,-2.29E+08
0.909363745,4.26E+08,-1.90E+08,-2.36E+08
0.912364946,4.26E+08,-1.82E+08,-2.44E+08
0.915366146,4.25E+08,-1.74E+08,-2.51E+08
0.918367347,4.24E+08,-1.66E+08,-2.58E+08
0.921368547,4.23E+08,-1.57E+08,-2.65E+08
0.924369748,4.21E+08,-1.49E+08,-2.72E+08
0.927370948,4.20E+08,-1.41E+08,-2.79E+08
0.930372149,4.18E+08,-1.32E+08,-2.86E+08
0.933373349,4.16E+08,-1.23E+08,-2.92E+08
0.93637455,4.14E+08,-1.15E+08,-2.99E+08
0.93937575,4.12E+08,-1.06E+08,-3.05E+08
0.942376951,4.09E+08,-9.76E+07,-3.11E+08
0.945378151,4.06E+08,-8.88E+07,-3.18E+08
0.948379352,4.03E+08,-8.01E+07,-3.23E+08
0.951380552,4.00E+08,-7.13E+07,-3.29E+08
0.954381753,3.97E+08,-6.24E+07,-3.35E+08
0.957382953,3.94E+08,-5.35E+07,-3.40E+08
0.960384154,3.90E+08,-4.47E+07,-3.46E+08
0.963385354,3.87E+08,-3.58E+07,-3.51E+08
0.966386555,3.83E+08,-2.68E+07,-3.56E+08
0.969387755,3.79E+08,-1.79E+07,-3.61E+08
0.972388956,3.74E+08,-8947511.913,-3.65E+08
0.975390156,3.70E+08,-7.85E-08,-3.70E+08
0.978391357,3.65E+08,8947511.913,-3.74E+08
0.981392557,3.61E+08,1.79E+07,-3.79E+08
0.984393758,3.56E+08,2.68E+07,-3.83E+08
0.987394958,3.51E+08,3.58E+07,-3.87E+08
0.990396158,3.46E+08,4.47E+07,-3.90E+08
0.993397359,3.40E+08,5.35E+07,-3.94E+08
0.996398559,3.35E+08,6.24E+07,-3.97E+08
0.99939976,3.29E+08,7.13E+07,-4.00E+08
1.00240096,3.23E+08,8.01E+07,-4.03E+08
1.005402161,3.18E+08,8.88E+07,-4.06E+08
1.008403361,3.11E+08,9.76E+07,-4.09E+08
1.011404562,3.05E+08,1.06E+08,-4.12E+08
1.014405762,2.99E+08,1.15E+08,-4.14E+08
1.017406963,2.92E+08,1.23E+08,-4.16E+08
1.020408163,2.86E+08,1.32E+08,-4.18E+08
1.023409364,2.79E+08,1.41E+08,-4.20E+08
1.026410564,2.72E+08,1.49E+08,-4.21E+08
1.029411765,2.65E+08,1.57E+08,-4.23E+08
1.032412965,2.58E+08,1.66E+08,-4.24E+08
1.035414166,2.51E+08,1.74E+08,-4.25E+08
1.038415366,2.44E+08,1.82E+08,-4.26E+08
1.041416567,2.36E+08,1.90E+08,-4.26E+08
1.044417767,2.29E+08,1.98E+08,-4.27E+08
1.047418968,2.21E+08,2.06E+08,-4.27E+08
1.050420168,2.14E+08,2.14E+08,-4.27E+08
1.053421369,2.06E+08,2.21E+08,-4.27E+08
1.056422569,1.98E+08,2.29E+08,-4.27E+08
1.05942377,1.90E+08,2.36E+08,-4.26E+08
1.06242497,1.82E+08,2.44E+08,-4.26E+08
1.06542617,1.74E+08,2.51E+08,-4.25E+08
1.068427371,1.66E+08,2.58E+08,-4.24E+08
1.071428571,1.57E+08,2.65E+08,-4.23E+08
1.074429772,1.49E+08,2.72E+08,-4.21E+08
1.077430972,1.41E+08,2.79E+08,-4.20E+08
1.080432173,1.32E+08,2.86E+08,-4.18E+08
1.083433373,1.23E+08,2.92E+08,-4.16E+08
1.086434574,1.15E+08,2.99E+08,-4.14E+08
1.089435774,1.06E+08,3.05E+08,-4.12E+08
1.092436975,9.76E+07,3.11E+08,-4.09E+08
1.095438175,8.88E+07,3.18E+08,-4.06E+08
1.098439376,8.01E+07,3.23E+08,-4.03E+08
1.101440576,7.13E+07,3.29E+08,-4.00E+08
1.104441777,6.24E+07,3.35E+08,-3.97E+08
1.107442977,5.35E+07,3.40E+08,-3.94E+08
1.110444178,4.47E+07,3.46E+08,-3.90E+08
1.113445378,3.58E+07,3.51E+08,-3.87E+08
1.116446579,2.68E+07,3.56E+08,-3.83E+08
1.119447779,1.79E+07,3.61E+08,-3.79E+08
1.12244898,8947511.913,3.65E+08,-3.74E+08
1.12545018,5.10E-07,3.70E+08,-3.70E+08
1.128451381,-8947511.913,3.74E+08,-3.65E+08
1.131452581,-1.79E+07,3.79E+08,-3.61E+08
1.134453782,-2.68E+07,3.83E+08,-3.56E+08
1.137454982,-3.58E+07,3.87E+08,-3.51E+08
1.140456182,-4.47E+07,3.90E+08,-3.46E+08
1.143457383,-5.35E+07,3.94E+08,-3.40E+08
1.146458583,-6.24E+07,3.97E+08,-3.35E+08
1.149459784,-7.13E+07,4.00E+08,-3.29E+08
1.152460984,-8.01E+07,4.03E+08,-3.23E+08
1.155462185,-8.88E+07,4.06E+08,-3.18E+08
1.158463385,-9.76E+07,4.09E+08,-3.11E+08
1.161464586,-1.06E+08,4.12E+08,-3.05E+08
1.164465786,-1.15E+08,4.14E+08,-2.99E+08
1.167466987,-1.23E+08,4.16E+08,-2.92E+08
1.170468187,-1.32E+08,4.18E+08,-2.86E+08
1.173469388,-1.41E+08,4.20E+08,-2.79E+08
1.176470588,-1.49E+08,4.21E+08,-2.72E+08
1.179471789,-1.57E+08,4.23E+08,-2.65E+08
1.182472989,-1.66E+08,4.24E+08,-2.58E+08
1.18547419,-1.74E+08,4.25E+08,-2.51E+08
1.18847539,-1.82E+08,4.26E+08,-2.44E+08
1.191476591,-1.90E+08,4.26E+08,-2.36E+08
1.194477791,-1.98E+08,4.27E+08,-2.29E+08
1.197478992,-2.06E+08,4.27E+08,-2.21E+08
1.200480192,-2.14E+08,4.27E+08,-2.14E+08
1.203481393,-2.21E+08,4.27E+08,-2.06E+08
1.206482593,-2.29E+08,4.27E+08,-1.98E+08
1.209483794,-2.36E+08,4.26E+08,-1.90E+08
1.212484994,-2.44E+08,4.26E+08,-1.82E+08
1.215486194,-2.51E+08,4.25E+08,-1.74E+08
1.218487395,-2.58E+08,4.24E+08,-1.66E+08
1.221488595,-2.65E+08,4.23E+08,-1.57E+08
1.224489796,-2.72E+08,4.21E+08,-1.49E+08
1.227490996,-2.79E+08,4.20E+08,-1.41E+08
1.230492197,-2.86E+08,4.18E+08,-1.32E+08
1.233493397,-2.92E+08,4.16E+08,-1.23E+08
1.236494598,-2.99E+08,4.14E+08,-1.15E+08
1.239495798,-3.05E+08,4.12E+08,-1.06E+08
1.242496999,-3.11E+08,4.09E+08,-9.76E+07
1.245498199,-3.18E+08,4.06E+08,-8.88E+07
1.2484994,-3.23E+08,4.03E+08,-8.01E+07
1.2515006,-3.29E+08,4.00E+08,-7.13E+07
1.254501801,-3.35E+08,3.97E+08,-6.24E+07
1.257503001,-3.40E+08,3.94E+08,-5.35E+07
1.260504202,-3.46E+08,3.90E+08,-4.47E+07
1.263505402,-3.51E+08,3.87E+08,-3.58E+07
1.266506603,-3.56E+08,3.83E+08,-2.68E+07
1.269507803,-3.61E+08,3.79E+08,-1.79E+07
1.272509004,-3.65E+08,3.74E+08,-8947511.913
1.275510204,-3.70E+08,3.70E+08,3.01E-07
1.278511405,-3.74E+08,3.65E+08,8947511.913
1.281512605,-3.79E+08,3.61E+08,1.79E+07
1.284513806,-3.83E+08,3.56E+08,2.68E+07
1.287515006,-3.87E+08,3.51E+08,3.58E+07
1.290516206,-3.90E+08,3.46E+08,4.47E+07
1.293517407,-3.94E+08,3.40E+08,5.35E+07
1.296518607,-3.97E+08,3.35E+08,6.24E+07
1.299519808,-4.00E+08,3.29E+08,7.13E+07
1.302521008,-4.03E+08,3.23E+08,8.01E+07
1.305522209,-4.06E+08,3.18E+08,8.88E+07
1.308523409,-4.09E+08,3.11E+08,9.76E+07
1.31152461,-4.12E+08,3.05E+08,1.06E+08
1.31452581,-4.14E+08,2.99E+08,1.15E+08
1.317527011,-4.16E+08,2.92E+08,1.23E+08
1.320528211,-4.18E+08,2.86E+08,1.32E+08
1.323529412,-4.20E+08,2.79E+08,1.41E+08
1.326530612,-4.21E+08,2.72E+08,1.49E+08
1.329531813,-4.23E+08,2.65E+08,1.57E+08
1.332533013,-4.24E+08,2.58E+08,1.66E+08
1.335534214,-4.25E+08,2.51E+08,1.74E+08
1.338535414,-4.26E+08,2.44E+08,1.82E+08
1.341536615,-4.26E+08,2.36E+08,1.90E+08
1.344537815,-4.27E+08,2.29E+08,1.98E+08
1.347539016,-4.27E+08,2.21E+08,2.06E+08
1.350540216,-4.27E+08,2.14E+08,2.14E+08
1.353541417,-4.27E+08,2.06E+08,2.21E+08
1.356542617,-4.27E+08,1.98E+08,2.29E+08
1.359543818,-4.26E+08,1.90E+08,2.36E+08
1.362545018,-4.26E+08,1.82E+08,2.44E+08
1.365546218,-4.25E+08,1.74E+08,2.51E+08
1.368547419,-4.24E+08,1.66E+08,2.58E+08
1.371548619,-4.23E+08,1.57E+08,2.65E+08
1.37454982,-4.21E+08,1.49E+08,2.72E+08
1.37755102,-4.20E+08,1.41E+08,2.79E+08
1.380552221,-4.18E+08,1.32E+08,2.86E+08
1.383553421,-4.16E+08,1.23E+08,2.92E+08
1.386554622,-4.14E+08,1.15E+08,2.99E+08
1.389555822,-4.12E+08,1.06E+08,3.05E+08
1.392557023,-4.09E+08,9.76E+07,3.11E+08
1.395558223,-4.06E+08,8.88E+07,3.18E+08
1.398559424,-4.03E+08,8.01E+07,3.23E+08
1.401560624,-4.00E+08,7.13E+07,3.29E+08
1.404561825,-3.97E+08,6.24E+07,3.35E+08
1.407563025,-3.94E+08,5.35E+07,3.40E+08
1.410564226,-3.90E+08,4.47E+07,3.46E+08
1.413565426,-3.87E+08,3.58E+07,3.51E+08
1.416566627,-3.83E+08,2.68E+07,3.56E+08
1.419567827,-3.79E+08,1.79E+07,3.61E+08
1.422569028,-3.74E+08,8947511.913,3.65E+08
1.425570228,-3.70E+08,1.31E-07,3.70E+08
1.428571429,-3.65E+08,-8947511.913,3.74E+08
1.431572629,-3.61E+08,-1.79E+07,3.79E+08
1.43457383,-3.56E+08,-2.68E+07,3.83E+08
1.43757503,-3.51E+08,-3.58E+07,3.87E+08
1.44057623,-3.46E+08,-4.47E+07,3.90E+08
1.443577431,-3.40E+08,-5.35E+07,3.94E+08
1.446578631,-3.35E+08,-6.24E+07,3.97E+08
1.449579832,-3.29E+08,-7.13E+07,4.00E+08
1.452581032,-3.23E+08,-8.01E+07,4.03E+08
1.455582233,-3.18E+08,-8.88E+07,4.06E+08
1.458583433,-3.11E+08,-9.76E+07,4.09E+08
1.461584634,-3.05E+08,-1.06E+08,4.12E+08
1.464585834,-2.99E+08,-1.15E+08,4.14E+08
1.467587035,-2.92E+08,-1.23E+08,4.16E+08
1.470588235,-2.86E+08,-1.32E+08,4.18E+08
1.473589436,-2.79E+08,-1.41E+08,4.20E+08
1.476590636,-2.72E+08,-1.49E+08,4.21E+08
1.479591837,-2.65E+08,-1.57E+08,4.23E+08
1.482593037,-2.58E+08,-1.66E+08,4.24E+08
1.485594238,-2.51E+08,-1.74E+08,4.25E+08
1.488595438,-2.44E+08,-1.82E+08,4.26E+08
1.491596639,-2.36E+08,-1.90E+08,4.26E+08
1.494597839,-2.29E+08,-1.98E+08,4.27E+08
1.49759904,-2.21E+08,-2.06E+08,4.27E+08
1.50060024,-2.14E+08,-2.14E+08,4.27E+08
1.503601441,-2.06E+08,-2.21E+08,4.27E+08
1.506602641,-1.98E+08,-2.29E+08,4.27E+08
1.509603842,-1.90E+08,-2.36E+08,4.26E+08
1.512605042,-1.82E+08,-2.44E+08,4.26E+08
1.515606242,-1.74E+08,-2.51E+08,4.25E+08
1.518607443,-1.66E+08,-2.58E+08,4.24E+08
1.521608643,-1.57E+08,-2.65E+08,4.23E+08
1.524609844,-1.49E+08,-2.72E+08,4.21E+08
1.527611044,-1.41E+08,-2.79E+08,4.20E+08
1.530612245,-1.32E+08,-2.86E+08,4.18E+08
1.533613445,-1.23E+08,-2.92E+08,4.16E+08
1.536614646,-1.15E+08,-2.99E+08,4.14E+08
1.539615846,-1.06E+08,-3.05E+08,4.12E+08
1.542617047,-9.76E+07,-3.11E+08,4.09E+08
1.545618247,-8.88E+07,-3.18E+08,4.06E+08
1.548619448,-8.01E+07,-3.23E+08,4.03E+08
1.551620648,-7.13E+07,-3.29E+08,4.00E+08
1.554621849,-6.24E+07,-3.35E+08,3.97E+08
1.557623049,-5.35E+07,-3.40E+08,3.94E+08
1.56062425,-4.47E+07,-3.46E+08,3.90E+08
1.56362545,-3.58E+07,-3.51E+08,3.87E+08
1.566626651,-2.68E+07,-3.56E+08,3.83E+08
1.569627851,-1.79E+07,-3.61E+08,3.79E+08
1.572629052,-8947511.913,-3.65E+08,3.74E+08
1.575630252,-9.42E-07,-3.70E+08,3.70E+08
1.578631453,8947511.913,-3.74E+08,3.65E+08
1.581632653,1.79E+07,-3.79E+08,3.61E+08
1.584633854,2.68E+07,-3.83E+08,3.56E+08
1.587635054,3.58E+07,-3.87E+08,3.51E+08
1.590636255,4.47E+07,-3.90E+08,3.46E+08
1.593637455,5.35E+07,-3.94E+08,3.40E+08
1.596638655,6.24E+07,-3.97E+08,3.35E+08
1.599639856,7.13E+07,-4.00E+08,3.29E+08
1.602641056,8.01E+07,-4.03E+08,3.23E+08
1.605642257,8.88E+07,-4.06E+08,3.18E+08
1.608643457,9.76E+07,-4.09E+08,3.11E+08
1.611644658,1.06E+08,-4.12E+08,3.05E+08
1.614645858,1.15E+08,-4.14E+08,2.99E+08
1.617647059,1.23E+08,-4.16E+08,2.92E+08
1.620648259,1.32E+08,-4.18E+08,2.86E+08
1.62364946,1.41E+08,-4.20E+08,2.79E+08
1.62665066,1.49E+08,-4.21E+08,2.72E+08
1.629651861,1.57E+08,-4.23E+08,2.65E+08
1.632653061,1.66E+08,-4.24E+08,2.58E+08
1.635654262,1.74E+08,-4.25E+08,2.51E+08
1.638655462,1.82E+08,-4.26E+08,2.44E+08
1.641656663,1.90E+08,-4.26E+08,2.36E+08
1.644657863,1.98E+08,-4.27E+08,2.29E+08
1.647659064,2.06E+08,-4.27E+08,2.21E+08
1.650660264,2.14E+08,-4.27E+08,2.14E+08
1.653661465,2.21E+08,-4.27E+08,2.06E+08
1.656662665,2.29E+08,-4.27E+08,1.98E+08
1.659663866,2.36E+08,-4.26E+08,1.90E+08
1.662665066,2.44E+08,-4.26E+08,1.82E+08
1.665666267,2.51E+08,-4.25E+08,1.74E+08
1.668667467,2.58E+08,-4.24E+08,1.66E+08
1.671668667,2.65E+08,-4.23E+08,1.57E+08
1.674669868,2.72E+08,-4.21E+08,1.49E+08
1.677671068,2.79E+08,-4.20E+08,1.41E+08
1.680672269,2.86E+08,-4.18E+08,1.32E+08
1.683673469,2.92E+08,-4.16E+08,1.23E+08
1.68667467,2.99E+08,-4.14E+08,1.15E+08
1.68967587,3.05E+08,-4.12E+08,1.06E+08
1.692677071,3.11E+08,-4.09E+08,9.76E+07
1.695678271,3.18E+08,-4.06E+08,8.88E+07
1.698679472,3.23E+08,-4.03E+08,8.01E+07
1.701680672,3.29E+08,-4.00E+08,7.13E+07
1.704681873,3.35E+08,-3.97E+08,6.24E+07
1.707683073,3.40E+08,-3.94E+08,5.35E+07
1.710684274,3.46E+08,-3.90E+08,4.47E+07
1.713685474,3.51E+08,-3.87E+08,3.58E+07
1.716686675,3.56E+08,-3.83E+08,2.68E+07
1.719687875,3.61E+08,-3.79E+08,1.79E+07
1.722689076,3.65E+08,-3.74E+08,8947511.913
1.725690276,3.70E+08,-3.70E+08,5.10E-07
1.728691477,3.74E+08,-3.65E+08,-8947511.913
1.731692677,3.79E+08,-3.61E+08,-1.79E+07
1.734693878,3.83E+08,-3.56E+08,-2.68E+07
1.737695078,3.87E+08,-3.51E+08,-3.58E+07
1.740696279,3.90E+08,-3.46E+08,-4.47E+07
1.743697479,3.94E+08,-3.40E+08,-5.35E+07
1.746698679,3.97E+08,-3.35E+08,-6.24E+07
1.74969988,4.00E+08,-3.29E+08,-7.13E+07
1.75270108,4.03E+08,-3.23E+08,-8.01E+07
1.755702281,4.06E+08,-3.18E+08,-8.88E+07
1.758703481,4.09E+08,-3.11E+08,-9.76E+07
1.761704682,4.12E+08,-3.05E+08,-1.06E+08
1.764705882,4.14E+08,-2.99E+08,-1.15E+08
1.767707083,4.16E+08,-2.92E+08,-1.23E+08
1.770708283,4.18E+08,-2.86E+08,-1.32E+08
1.773709484,4.20E+08,-2.79E+08,-1.41E+08
1.776710684,4.21E+08,-2.72E+08,-1.49E+08
1.779711885,4.23E+08,-2.65E+08,-1.57E+08
1.782713085,4.24E+08,-2.58E+08,-1.66E+08
1.785714286,4.25E+08,-2.51E+08,-1.74E+08
1.788715486,4.26E+08,-2.44E+08,-1.82E+08
1.791716687,4.26E+08,-2.36E+08,-1.90E+08
1.794717887,4.27E+08,-2.29E+08,-1.98E+08
1.797719088,4.27E+08,-2.21E+08,-2.06E+08
1.800720288,4.27E+08,-2.14E+08,-2.14E+08
1.803721489,4.27E+08,-2.06E+08,-2.21E+08
1.806722689,4.27E+08,-1.98E+08,-2.29E+08
1.80972389,4.26E+08,-1.90E+08,-2.36E+08
1.81272509,4.26E+08,-1.82E+08,-2.44E+08
1.815726291,4.25E+08,-1.74E+08,-2.51E+08
1.818727491,4.24E+08,-1.66E+08,-2.58E+08
1.821728691,4.23E+08,-1.57E+08,-2.65E+08
1.824729892,4.21E+08,-1.49E+08,-2.72E+08
1.827731092,4.20E+08,-1.41E+08,-2.79E+08
1.830732293,4.18E+08,-1.32E+08,-2.86E+08
1.833733493,4.16E+08,-1.23E+08,-2.92E+08
1.836734694,4.14E+08,-1.15E+08,-2.99E+08
1.839735894,4.12E+08,-1.06E+08,-3.05E+08
1.842737095,4.09E+08,-9.76E+07,-3.11E+08
1.845738295,4.06E+08,-8.88E+07,-3.18E+08
1.848739496,4.03E+08,-8.01E+07,-3.23E+08
1.851740696,4.00E+08,-7.13E+07,-3.29E+08
1.854741897,3.97E+08,-6.24E+07,-3.35E+08
1.857743097,3.94E+08,-5.35E+07,-3.40E+08
1.860744298,3.90E+08,-4.47E+07,-3.46E+08
1.863745498,3.87E+08,-3.58E+07,-3.51E+08
1.866746699,3.83E+08,-2.68E+07,-3.56E+08
1.869747899,3.79E+08,-1.79E+07,-3.61E+08
1.8727491,3.74E+08,-8947511.913,-3.65E+08
1.8757503,3.70E+08,-9.42E-07,-3.70E+08
1.878751501,3.65E+08,8947511.913,-3.74E+08
1.881752701,3.61E+08,1.79E+07,-3.79E+08
1.884753902,3.56E+08,2.68E+07,-3.83E+08
1.887755102,3.51E+08,3.58E+07,-3.87E+08
1.890756303,3.46E+08,4.47E+07,-3.90E+08
1.893757503,3.40E+08,5.35E+07,-3.94E+08
1.896758703,3.35E+08,6.24E+07,-3.97E+08
1.899759904,3.29E+08,7.13E+07,-4.00E+08
1.902761104,3.23E+08,8.01E+07,-4.03E+08
1.905762305,3.18E+08,8.88E+07,-4.06E+08
1.908763505,3.11E+08,9.76E+07,-4.09E+08
1.911764706,3.05E+08,1.06E+08,-4.12E+08
1.914765906,2.99E+08,1.15E+08,-4.14E+08
1.917767107,2.92E+08,1.23E+08,-4.16E+08
1.920768307,2.86E+08,1.32E+08,-4.18E+08
1.923769508,2.79E+08,1.41E+08,-4.20E+08
1.926770708,2.72E+08,1.49E+08,-4.21E+08
1.929771909,2.65E+08,1.57E+08,-4.23E+08
1.932773109,2.58E+08,1.66E+08,-4.24E+08
1.93577431,2.51E+08,1.74E+08,-4.25E+08
1.93877551,2.44E+08,1.82E+08,-4.26E+08
1.941776711,2.36E+08,1.90E+08,-4.26E+08
1.944777911,2.29E+08,1.98E+08,-4.27E+08
1.947779112,2.21E+08,2.06E+08,-4.27E+08
1.950780312,2.14E+08,2.14E+08,-4.27E+08
1.953781513,2.06E+08,2.21E+08,-4.27E+08
1.956782713,1.98E+08,2.29E+08,-4.27E+08
1.959783914,1.90E+08,2.36E+08,-4.26E+08
1.962785114,1.82E+08,2.44E+08,-4.26E+08
1.965786315,1.74E+08,2.51E+08,-4.25E+08
1.968787515,1.66E+08,2.58E+08,-4.24E+08
1.971788715,1.57E+08,2.65E+08,-4.23E+08
1.974789916,1.49E+08,2.72E+08,-4.21E+08
1.977791116,1.41E+08,2.79E+08,-4.20E+08
1.980792317,1.32E+08,2.86E+08,-4.18E+08
1.983793517,1.23E+08,2.92E+08,-4.16E+08
1.986794718,1.15E+08,2.99E+08,-4.14E+08
1.989795918,1.06E+08,3.05E+08,-4.12E+08
1.992797119,9.76E+07,3.11E+08,-4.09E+08
1.995798319,8.88E+07,3.18E+08,-4.06E+08
1.99879952,8.01E+07,3.23E+08,-4.03E+08
2.00180072,7.13E+07,3.29E+08,-4.00E+08
2.004801921,6.24E+07,3.35E+08,-3.97E+08
2.007803121,5.35E+07,3.40E+08,-3.94E+08
2.010804322,4.47E+07,3.46E+08,-3.90E+08
2.013805522,3.58E+07,3.51E+08,-3.87E+08
2.016806723,2.68E+07,3.56E+08,-3.83E+08
2.019807923,1.79E+07,3.61E+08,-3.79E+08
2.022809124,8947511.913,3.65E+08,-3.74E+08
2.025810324,9.94E-07,3.70E+08,-3.70E+08
2.028811525,-8947511.913,3.74E+08,-3.65E+08
2.031812725,-1.79E+07,3.79E+08,-3.61E+08
2.034813926,-2.68E+07,3.83E+08,-3.56E+08
2.037815126,-3.58E+07,3.87E+08,-3.51E+08
2.040816327,-4.47E+07,3.90E+08,-3.46E+08
2.043817527,-5.35E+07,3.94E+08,-3.40E+08
2.046818727,-6.24E+07,3.97E+08,-3.35E+08
2.049819928,-7.13E+07,4.00E+08,-3.29E+08
2.052821128,-8.01E+07,4.03E+08,-3.23E+08
2.055822329,-8.88E+07,4.06E+08,-3.18E+08
2.058823529,-9.76E+07,4.09E+08,-3.11E+08
2.06182473,-1.06E+08,4.12E+08,-3.05E+08
2.06482593,-1.15E+08,4.14E+08,-2.99E+08
2.067827131,-1.23E+08,4.16E+08,-2.92E+08
2.070828331,-1.32E+08,4.18E+08,-2.86E+08
2.073829532,-1.41E+08,4.20E+08,-2.79E+08
2.076830732,-1.49E+08,4.21E+08,-2.72E+08
2.079831933,-1.57E+08,4.23E+08,-2.65E+08
2.082833133,-1.66E+08,4.24E+08,-2.58E+08
2.085834334,-1.74E+08,4.25E+08,-2.51E+08
2.088835534,-1.82E+08,4.26E+08,-2.44E+08
2.091836735,-1.90E+08,4.26E+08,-2.36E+08
2.094837935,-1.98E+08,4.27E+08,-2.29E+08
2.097839136,-2.06E+08,4.27E+08,-2.21E+08
2.100840336,-2.14E+08,4.27E+08,-2.14E+08
2.103841537,-2.21E+08,4.27E+08,-2.06E+08
2.106842737,-2.29E+08,4.27E+08,-1.98E+08
2.109843938,-2.36E+08,4.26E+08,-1.90E+08
2.112845138,-2.44E+08,4.26E+08,-1.82E+08
2.115846339,-2.51E+08,4.25E+08,-1.74E+08
2.118847539,-2.58E+08,4.24E+08,-1.66E+08
2.121848739,-2.65E+08,4.23E+08,-1.57E+08
2.12484994,-2.72E+08,4.21E+08,-1.49E+08
2.12785114,-2.79E+08,4.20E+08,-1.41E+08
2.130852341,-2.86E+08,4.18E+08,-1.32E+08
2.133853541,-2.92E+08,4.16E+08,-1.23E+08
2.136854742,-2.99E+08,4.14E+08,-1.15E+08
2.139855942,-3.05E+08,4.12E+08,-1.06E+08
2.142857143,-3.11E+08,4.09E+08,-9.76E+07
2.145858343,-3.18E+08,4.06E+08,-8.88E+07
2.148859544,-3.23E+08,4.03E+08,-8.01E+07
2.151860744,-3.29E+08,4.00E+08,-7.13E+07
2.154861945,-3.35E+08,3.97E+08,-6.24E+07
2.157863145,-3.40E+08,3.94E+08,-5.35E+07
2.160864346,-3.46E+08,3.90E+08,-4.47E+07
2.163865546,-3.51E+08,3.87E+08,-3.58E+07
2.166866747,-3.56E+08,3.83E+08,-2.68E+07
2.169867947,-3.61E+08,3.79E+08,-1.79E+07
2.172869148,-3.65E+08,3.74E+08,-8947511.913
2.175870348,-3.70E+08,3.70E+08,-9.42E-07
2.178871549,-3.74E+08,3.65E+08,8947511.913
2.181872749,-3.79E+08,3.61E+08,1.79E+07
2.18487395,-3.83E+08,3.56E+08,2.68E+07
2.18787515,-3.87E+08,3.51E+08,3.58E+07
2.190876351,-3.90E+08,3.46E+08,4.47E+07
2.193877551,-3.94E+08,3.40E+08,5.35E+07
2.196878752,-3.97E+08,3.35E+08,6.24E+07
2.199879952,-4.00E+08,3.29E+08,7.13E+07
2.202881152,-4.03E+08,3.23E+08,8.01E+07
2.205882353,-4.06E+08,3.18E+08,8.88E+07
2.208883553,-4.09E+08,3.11E+08,9.76E+07
2.211884754,-4.12E+08,3.05E+08,1.06E+08
2.214885954,-4.14E+08,2.99E+08,1.15E+08
2.217887155,-4.16E+08,2.92E+08,1.23E+08
2.220888355,-4.18E+08,2.86E+08,1.32E+08
2.223889556,-4.20E+08,2.79E+08,1.41E+08
2.226890756,-4.21E+08,2.72E+08,1.49E+08
2.229891957,-4.23E+08,2.65E+08,1.57E+08
2.232893157,-4.24E+08,2.58E+08,1.66E+08
2.235894358,-4.25E+08,2.51E+08,1.74E+08
2.238895558,-4.26E+08,2.44E+08,1.82E+08
2.241896759,-4.26E+08,2.36E+08,1.90E+08
2.244897959,-4.27E+08,2.29E+08,1.98E+08
2.24789916,-4.27E+08,2.21E+08,2.06E+08
2.25090036,-4.27E+08,2.14E+08,2.14E+08
2.253901561,-4.27E+08,2.06E+08,2.21E+08
2.256902761,-4.27E+08,1.98E+08,2.29E+08
2.259903962,-4.26E+08,1.90E+08,2.36E+08
2.262905162,-4.26E+08,1.82E+08,2.44E+08
2.265906363,-4.25E+08,1.74E+08,2.51E+08
2.268907563,-4.24E+08,1.66E+08,2.58E+08
2.271908764,-4.23E+08,1.57E+08,2.65E+08
2.274909964,-4.21E+08,1.49E+08,2.72E+08
2.277911164,-4.20E+08,1.41E+08,2.79E+08
2.280912365,-4.18E+08,1.32E+08,2.86E+08
2.283913565,-4.16E+08,1.23E+08,2.92E+08
2.286914766,-4.14E+08,1.15E+08,2.99E+08
2.289915966,-4.12E+08,1.06E+08,3.05E+08
2.292917167,-4.09E+08,9.76E+07,3.11E+08
2.295918367,-4.06E+08,8.88E+07,3.18E+08
2.298919568,-4.03E+08,8.01E+07,3.23E+08
2.301920768,-4.00E+08,7.13E+07,3.29E+08
2.304921969,-3.97E+08,6.24E+07,3.35E+08
2.307923169,-3.94E+08,5.35E+07,3.40E+08
2.31092437,-3.90E+08,4.47E+07,3.46E+08
2.31392557,-3.87E+08,3.58E+07,3.51E+08
2.316926771,-3.83E+08,2.68E+07,3.56E+08
2.319927971,-3.79E+08,1.79E+07,3.61E+08
2.322929172,-3.74E+08,8947511.913,3.65E+08
2.325930372,-3.70E+08,2.35E-07,3.70E+08
2.328931573,-3.65E+08,-8947511.913,3.74E+08
2.331932773,-3.61E+08,-1.79E+07,3.79E+08
2.334933974,-3.56E+08,-2.68E+07,3.83E+08
2.337935174,-3.51E+08,-3.58E+07,3.87E+08
2.340936375,-3.46E+08,-4.47E+07,3.90E+08
2.343937575,-3.40E+08,-5.35E+07,3.94E+08
2.346938776,-3.35E+08,-6.24E+07,3.97E+08
2.349939976,-3.29E+08,-7.13E+07,4.00E+08
2.352941176,-3.23E+08,-8.01E+07,4.03E+08
2.355942377,-3.18E+08,-8.88E+07,4.06E+08
2.358943577,-3.11E+08,-9.76E+07,4.09E+08
2.361944778,-3.05E+08,-1.06E+08,4.12E+08
2.364945978,-2.99E+08,-1.15E+08,4.14E+08
2.367947179,-2.92E+08,-1.23E+08,4.16E+08
2.370948379,-2.86E+08,-1.32E+08,4.18E+08
2.37394958,-2.79E+08,-1.41E+08,4.20E+08
2.37695078,-2.72E+08,-1.49E+08,4.21E+08
2.379951981,-2.65E+08,-1.57E+08,4.23E+08
2.382953181,-2.58E+08,-1.66E+08,4.24E+08
2.385954382,-2.51E+08,-1.74E+08,4.25E+08
2.388955582,-2.44E+08,-1.82E+08,4.26E+08
2.391956783,-2.36E+08,-1.90E+08,4.26E+08
2.394957983,-2.29E+08,-1.98E+08,4.27E+08
2.397959184,-2.21E+08,-2.06E+08,4.27E+08
2.400960384,-2.14E+08,-2.14E+08,4.27E+08
2.403961585,-2.06E+08,-2.21E+08,4.27E+08
2.406962785,-1.98E+08,-2.29E+08,4.27E+08
2.409963986,-1.90E+08,-2.36E+08,4.26E+08
2.412965186,-1.82E+08,-2.44E+08,4.26E+08
2.415966387,-1.74E+08,-2.51E+08,4.25E+08
2.418967587,-1.66E+08,-2.58E+08,4.24E+08
2.421968788,-1.57E+08,-2.65E+08,4.23E+08
2.424969988,-1.49E+08,-2.72E+08,4.21E+08
2.427971188,-1.41E+08,-2.79E+08,4.20E+08
2.430972389,-1.32E+08,-2.86E+08,4.18E+08
2.433973589,-1.23E+08,-2.92E+08,4.16E+08
2.43697479,-1.15E+08,-2.99E+08,4.14E+08
2.43997599,-1.06E+08,-3.05E+08,4.12E+08
2.442977191,-9.76E+07,-3.11E+08,4.09E+08
2.445978391,-8.88E+07,-3.18E+08,4.06E+08
2.448979592,-8.01E+07,-3.23E+08,4.03E+08
2.451980792,-7.13E+07,-3.29E+08,4.00E+08
2.454981993,-6.24E+07,-3.35E+08,3.97E+08
2.457983193,-5.35E+07,-3.40E+08,3.94E+08
2.460984394,-4.47E+07,-3.46E+08,3.90E+08
2.463985594,-3.58E+07,-3.51E+08,3.87E+08
2.466986795,-2.68E+07,-3.56E+08,3.83E+08
2.469987995,-1.79E+07,-3.61E+08,3.79E+08
2.472989196,-8947511.913,-3.65E+08,3.74E+08
2.475990396,-1.05E-06,-3.70E+08,3.70E+08
2.478991597,8947511.913,-3.74E+08,3.65E+08
2.481992797,1.79E+07,-3.79E+08,3.61E+08
2.484993998,2.68E+07,-3.83E+08,3.56E+08
2.487995198,3.58E+07,-3.87E+08,3.51E+08
2.490996399,4.47E+07,-3.90E+08,3.46E+08
2.493997599,5.35E+07,-3.94E+08,3.40E+08
2.4969988,6.24E+07,-3.97E+08,3.35E+08
2.5,7.13E+07,-4.00E+08,3.29E+08
2.5030012,8.01E+07,-4.03E+08,3.23E+08
2.506002401,8.88E+07,-4.06E+08,3.18E+08
2.509003601,9.76E+07,-4.09E+08,3.11E+08
2.512004802,1.06E+08,-4.12E+08,3.05E+08
2.515006002,1.15E+08,-4.14E+08,2.99E+08
2.518007203,1.23E+08,-4.16E+08,2.92E+08
2.521008403,1.32E+08,-4.18E+08,2.86E+08
2.524009604,1.41E+08,-4.20E+08,2.79E+08
2.527010804,1.49E+08,-4.21E+08,2.72E+08
2.530012005,1.57E+08,-4.23E+08,2.65E+08
2.533013205,1.66E+08,-4.24E+08,2.58E+08
2.536014406,1.74E+08,-4.25E+08,2.51E+08
2.539015606,1.82E+08,-4.26E+08,2.44E+08
2.542016807,1.90E+08,-4.26E+08,2.36E+08
2.545018007,1.98E+08,-4.27E+08,2.29E+08
2.548019208,2.06E+08,-4.27E+08,2.21E+08
2.551020408,2.14E+08,-4.27E+08,2.14E+08
2.554021609,2.21E+08,-4.27E+08,2.06E+08
2.557022809,2.29E+08,-4.27E+08,1.98E+08
2.56002401,2.36E+08,-4.26E+08,1.90E+08
2.56302521,2.44E+08,-4.26E+08,1.82E+08
2.566026411,2.51E+08,-4.25E+08,1.74E+08
2.569027611,2.58E+08,-4.24E+08,1.66E+08
2.572028812,2.65E+08,-4.23E+08,1.57E+08
2.575030012,2.72E+08,-4.21E+08,1.49E+08
2.578031212,2.79E+08,-4.20E+08,1.41E+08
2.581032413,2.86E+08,-4.18E+08,1.32E+08
2.584033613,2.92E+08,-4.16E+08,1.23E+08
2.587034814,2.99E+08,-4.14E+08,1.15E+08
2.590036014,3.05E+08,-4.12E+08,1.06E+08
2.593037215,3.11E+08,-4.09E+08,9.76E+07
2.596038415,3.18E+08,-4.06E+08,8.88E+07
2.599039616,3.23E+08,-4.03E+08,8.01E+07
2.602040816,3.29E+08,-4.00E+08,7.13E+07
2.605042017,3.35E+08,-3.97E+08,6.24E+07
2.608043217,3.40E+08,-3.94E+08,5.35E+07
2.611044418,3.46E+08,-3.90E+08,4.47E+07
2.614045618,3.51E+08,-3.87E+08,3.58E+07
2.617046819,3.56E+08,-3.83E+08,2.68E+07
2.620048019,3.61E+08,-3.79E+08,1.79E+07
2.62304922,3.65E+08,-3.74E+08,8947511.913
2.62605042,3.70E+08,-3.70E+08,9.94E-07
2.629051621,3.74E+08,-3.65E+08,-8947511.913
2.632052821,3.79E+08,-3.61E+08,-1.79E+07
2.635054022,3.83E+08,-3.56E+08,-2.68E+07
2.638055222,3.87E+08,-3.51E+08,-3.58E+07
2.641056423,3.90E+08,-3.46E+08,-4.47E+07
2.644057623,3.94E+08,-3.40E+08,-5.35E+07
2.647058824,3.97E+08,-3.35E+08,-6.24E+07
2.650060024,4.00E+08,-3.29E+08,-7.13E+07
2.653061224,4.03E+08,-3.23E+08,-8.01E+07
2.656062425,4.06E+08,-3.18E+08,-8.88E+07
2.659063625,4.09E+08,-3.11E+08,-9.76E+07
2.662064826,4.12E+08,-3.05E+08,-1.06E+08
2.665066026,4.14E+08,-2.99E+08,-1.15E+08
2.668067227,4.16E+08,-2.92E+08,-1.23E+08
2.671068427,4.18E+08,-2.86E+08,-1.32E+08
2.674069628,4.20E+08,-2.79E+08,-1.41E+08
2.677070828,4.21E+08,-2.72E+08,-1.49E+08
2.680072029,4.23E+08,-2.65E+08,-1.57E+08
2.683073229,4.24E+08,-2.58E+08,-1.66E+08
2.68607443,4.25E+08,-2.51E+08,-1.74E+08
2.68907563,4.26E+08,-2.44E+08,-1.82E+08
2.692076831,4.26E+08,-2.36E+08,-1.90E+08
2.695078031,4.27E+08,-2.29E+08,-1.98E+08
2.698079232,4.27E+08,-2.21E+08,-2.06E+08
2.701080432,4.27E+08,-2.14E+08,-2.14E+08
2.704081633,4.27E+08,-2.06E+08,-2.21E+08
2.707082833,4.27E+08,-1.98E+08,-2.29E+08
2.710084034,4.26E+08,-1.90E+08,-2.36E+08
2.713085234,4.26E+08,-1.82E+08,-2.44E+08
2.716086435,4.25E+08,-1.74E+08,-2.51E+08
2.719087635,4.24E+08,-1.66E+08,-2.58E+08
2.722088836,4.23E+08,-1.57E+08,-2.65E+08
2.725090036,4.21E+08,-1.49E+08,-2.72E+08
2.728091236,4.20E+08,-1.41E+08,-2.79E+08
2.731092437,4.18E+08,-1.32E+08,-2.86E+08
2.734093637,4.16E+08,-1.23E+08,-2.92E+08
2.737094838,4.14E+08,-1.15E+08,-2.99E+08
2.740096038,4.12E+08,-1.06E+08,-3.05E+08
2.743097239,4.09E+08,-9.76E+07,-3.11E+08
2.746098439,4.06E+08,-8.88E+07,-3.18E+08
2.74909964,4.03E+08,-8.01E+07,-3.23E+08
2.75210084,4.00E+08,-7.13E+07,-3.29E+08
2.755102041,3.97E+08,-6.24E+07,-3.35E+08
2.758103241,3.94E+08,-5.35E+07,-3.40E+08
2.761104442,3.90E+08,-4.47E+07,-3.46E+08
2.764105642,3.87E+08,-3.58E+07,-3.51E+08
2.767106843,3.83E+08,-2.68E+07,-3.56E+08
2.770108043,3.79E+08,-1.79E+07,-3.61E+08
2.773109244,3.74E+08,-8947511.913,-3.65E+08
2.776110444,3.70E+08,-1.05E-06,-3.70E+08
2.779111645,3.65E+08,8947511.913,-3.74E+08
2.782112845,3.61E+08,1.79E+07,-3.79E+08
2.785114046,3.56E+08,2.68E+07,-3.83E+08
2.788115246,3.51E+08,3.58E+07,-3.87E+08
2.791116447,3.46E+08,4.47E+07,-3.90E+08
2.794117647,3.40E+08,5.35E+07,-3.94E+08
2.797118848,3.35E+08,6.24E+07,-3.97E+08
2.800120048,3.29E+08,7.13E+07,-4.00E+08
2.803121248,3.23E+08,8.01E+07,-4.03E+08
2.806122449,3.18E+08,8.88E+07,-4.06E+08
2.809123649,3.11E+08,9.76E+07,-4.09E+08
2.81212485,3.05E+08,1.06E+08,-4.12E+08
2.81512605,2.99E+08,1.15E+08,-4.14E+08
2.818127251,2.92E+08,1.23E+08,-4.16E+08
2.821128451,2.86E+08,1.32E+08,-4.18E+08
2.824129652,2.79E+08,1.41E+08,-4.20E+08
2.827130852,2.72E+08,1.49E+08,-4.21E+08
2.830132053,2.65E+08,1.57E+08,-4.23E+08
2.833133253,2.58E+08,1.66E+08,-4.24E+08
2.836134454,2.51E+08,1.74E+08,-4.25E+08
2.839135654,2.44E+08,1.82E+08,-4.26E+08
2.842136855,2.36E+08,1.90E+08,-4.26E+08
2.845138055,2.29E+08,1.98E+08,-4.27E+08
2.848139256,2.21E+08,2.06E+08,-4.27E+08
2.851140456,2.14E+08,2.14E+08,-4.27E+08
2.854141657,2.06E+08,2.21E+08,-4.27E+08
2.857142857,1.98E+08,2.29E+08,-4.27E+08
2.860144058,1.90E+08,2.36E+08,-4.26E+08
2.863145258,1.82E+08,2.44E+08,-4.26E+08
2.866146459,1.74E+08,2.51E+08,-4.25E+08
2.869147659,1.66E+08,2.58E+08,-4.24E+08
2.87214886,1.57E+08,2.65E+08,-4.23E+08
2.87515006,1.49E+08,2.72E+08,-4.21E+08
2.878151261,1.41E+08,2.79E+08,-4.20E+08
2.881152461,1.32E+08,2.86E+08,-4.18E+08
2.884153661,1.23E+08,2.92E+08,-4.16E+08
2.887154862,1.15E+08,2.99E+08,-4.14E+08
2.890156062,1.06E+08,3.05E+08,-4.12E+08
2.893157263,9.76E+07,3.11E+08,-4.09E+08
2.896158463,8.88E+07,3.18E+08,-4.06E+08
2.899159664,8.01E+07,3.23E+08,-4.03E+08
2.902160864,7.13E+07,3.29E+08,-4.00E+08
2.905162065,6.24E+07,3.35E+08,-3.97E+08
2.908163265,5.35E+07,3.40E+08,-3.94E+08
2.911164466,4.47E+07,3.46E+08,-3.90E+08
2.914165666,3.58E+07,3.51E+08,-3.87E+08
2.917166867,2.68E+07,3.56E+08,-3.83E+08
2.920168067,1.79E+07,3.61E+08,-3.79E+08
2.923169268,8947511.913,3.65E+08,-3.74E+08
2.926170468,1.10E-06,3.70E+08,-3.70E+08
2.929171669,-8947511.913,3.74E+08,-3.65E+08
2.932172869,-1.79E+07,3.79E+08,-3.61E+08
2.93517407,-2.68E+07,3.83E+08,-3.56E+08
2.93817527,-3.58E+07,3.87E+08,-3.51E+08
2.941176471,-4.47E+07,3.90E+08,-3.46E+08
2.944177671,-5.35E+07,3.94E+08,-3.40E+08
2.947178872,-6.24E+07,3.97E+08,-3.35E+08
2.950180072,-7.13E+07,4.00E+08,-3.29E+08
2.953181273,-8.01E+07,4.03E+08,-3.23E+08
2.956182473,-8.88E+07,4.06E+08,-3.18E+08
2.959183673,-9.76E+07,4.09E+08,-3.11E+08
2.962184874,-1.06E+08,4.12E+08,-3.05E+08
2.965186074,-1.15E+08,4.14E+08,-2.99E+08
2.968187275,-1.23E+08,4.16E+08,-2.92E+08
2.971188475,-1.32E+08,4.18E+08,-2.86E+08
2.974189676,-1.41E+08,4.20E+08,-2.79E+08
2.977190876,-1.49E+08,4.21E+08,-2.72E+08
2.980192077,-1.57E+08,4.23E+08,-2.65E+08
2.983193277,-1.66E+08,4.24E+08,-2.58E+08
2.986194478,-1.74E+08,4.25E+08,-2.51E+08
2.989195678,-1.82E+08,4.26E+08,-2.44E+08
2.992196879,-1.90E+08,4.26E+08,-2.36E+08
2.995198079,-1.98E+08,4.27E+08,-2.29E+08
2.99819928,-2.06E+08,4.27E+08,-2.21E+08
3.00120048,-2.14E+08,4.27E+08,-2.14E+08
3.004201681,-2.21E+08,4.27E+08,-2.06E+08
3.007202881,-2.29E+08,4.27E+08,-1.98E+08
3.010204082,-2.36E+08,4.26E+08,-1.90E+08
3.013205282,-2.44E+08,4.26E+08,-1.82E+08
3.016206483,-2.51E+08,4.25E+08,-1.74E+08
3.019207683,-2.58E+08,4.24E+08,-1.66E+08
3.022208884,-2.65E+08,4.23E+08,-1.57E+08
3.025210084,-2.72E+08,4.21E+08,-1.49E+08
3.028211285,-2.79E+08,4.20E+08,-1.41E+08
3.031212485,-2.86E+08,4.18E+08,-1.32E+08
3.034213685,-2.92E+08,4.16E+08,-1.23E+08
3.037214886,-2.99E+08,4.14E+08,-1.15E+08
3.040216086,-3.05E+08,4.12E+08,-1.06E+08
3.043217287,-3.11E+08,4.09E+08,-9.76E+07
3.046218487,-3.18E+08,4.06E+08,-8.88E+07
3.049219688,-3.23E+08,4.03E+08,-8.01E+07
3.052220888,-3.29E+08,4.00E+08,-7.13E+07
3.055222089,-3.35E+08,3.97E+08,-6.24E+07
3.058223289,-3.40E+08,3.94E+08,-5.35E+07
3.06122449,-3.46E+08,3.90E+08,-4.47E+07
3.06422569,-3.51E+08,3.87E+08,-3.58E+07
3.067226891,-3.56E+08,3.83E+08,-2.68E+07
3.070228091,-3.61E+08,3.79E+08,-1.79E+07
3.073229292,-3.65E+08,3.74E+08,-8947511.913
3.076230492,-3.70E+08,3.70E+08,4.71E-07
3.079231693,-3.74E+08,3.65E+08,8947511.913
3.082232893,-3.79E+08,3.61E+08,1.79E+07
3.085234094,-3.83E+08,3.56E+08,2.68E+07
3.088235294,-3.87E+08,3.51E+08,3.58E+07
3.091236495,-3.90E+08,3.46E+08,4.47E+07
3.094237695,-3.94E+08,3.40E+08,5.35E+07
3.097238896,-3.97E+08,3.35E+08,6.24E+07
3.100240096,-4.00E+08,3.29E+08,7.13E+07
3.103241297,-4.03E+08,3.23E+08,8.01E+07
3.106242497,-4.06E+08,3.18E+08,8.88E+07
3.109243697,-4.09E+08,3.11E+08,9.76E+07
3.112244898,-4.12E+08,3.05E+08,1.06E+08
3.115246098,-4.14E+08,2.99E+08,1.15E+08
3.118247299,-4.16E+08,2.92E+08,1.23E+08
3.121248499,-4.18E+08,2.86E+08,1.32E+08
3.1242497,-4.20E+08,2.79E+08,1.41E+08
3.1272509,-4.21E+08,2.72E+08,1.49E+08
3.130252101,-4.23E+08,2.65E+08,1.57E+08
3.133253301,-4.24E+08,2.58E+08,1.66E+08
3.136254502,-4.25E+08,2.51E+08,1.74E+08
3.139255702,-4.26E+08,2.44E+08,1.82E+08
3.142256903,-4.26E+08,2.36E+08,1.90E+08
3.145258103,-4.27E+08,2.29E+08,1.98E+08
3.148259304,-4.27E+08,2.21E+08,2.06E+08
3.151260504,-4.27E+08,2.14E+08,2.14E+08
3.154261705,-4.27E+08,2.06E+08,2.21E+08
3.157262905,-4.27E+08,1.98E+08,2.29E+08
3.160264106,-4.26E+08,1.90E+08,2.36E+08
3.163265306,-4.26E+08,1.82E+08,2.44E+08
3.166266507,-4.25E+08,1.74E+08,2.51E+08
3.169267707,-4.24E+08,1.66E+08,2.58E+08
3.172268908,-4.23E+08,1.57E+08,2.65E+08
3.175270108,-4.21E+08,1.49E+08,2.72E+08
3.178271309,-4.20E+08,1.41E+08,2.79E+08
3.181272509,-4.18E+08,1.32E+08,2.86E+08
3.184273709,-4.16E+08,1.23E+08,2.92E+08
3.18727491,-4.14E+08,1.15E+08,2.99E+08
3.19027611,-4.12E+08,1.06E+08,3.05E+08
3.193277311,-4.09E+08,9.76E+07,3.11E+08
3.196278511,-4.06E+08,8.88E+07,3.18E+08
3.199279712,-4.03E+08,8.01E+07,3.23E+08
3.202280912,-4.00E+08,7.13E+07,3.29E+08
3.205282113,-3.97E+08,6.24E+07,3.35E+08
3.208283313,-3.94E+08,5.35E+07,3.40E+08
3.211284514,-3.90E+08,4.47E+07,3.46E+08
3.214285714,-3.87E+08,3.58E+07,3.51E+08
3.217286915,-3.83E+08,2.68E+07,3.56E+08
3.220288115,-3.79E+08,1.79E+07,3.61E+08
3.223289316,-3.74E+08,8947511.913,3.65E+08
3.226290516,-3.70E+08,2.62E-06,3.70E+08
3.229291717,-3.65E+08,-8947511.913,3.74E+08
3.232292917,-3.61E+08,-1.79E+07,3.79E+08
3.235294118,-3.56E+08,-2.68E+07,3.83E+08
3.238295318,-3.51E+08,-3.58E+07,3.87E+08
3.241296519,-3.46E+08,-4.47E+07,3.90E+08
3.244297719,-3.40E+08,-5.35E+07,3.94E+08
3.24729892,-3.35E+08,-6.24E+07,3.97E+08
3.25030012,-3.29E+08,-7.13E+07,4.00E+08
3.253301321,-3.23E+08,-8.01E+07,4.03E+08
3.256302521,-3.18E+08,-8.88E+07,4.06E+08
3.259303721,-3.11E+08,-9.76E+07,4.09E+08
3.262304922,-3.05E+08,-1.06E+08,4.12E+08
3.265306122,-2.99E+08,-1.15E+08,4.14E+08
3.268307323,-2.92E+08,-1.23E+08,4.16E+08
3.271308523,-2.86E+08,-1.32E+08,4.18E+08
3.274309724,-2.79E+08,-1.41E+08,4.20E+08
3.277310924,-2.72E+08,-1.49E+08,4.21E+08
3.280312125,-2.65E+08,-1.57E+08,4.23E+08
3.283313325,-2.58E+08,-1.66E+08,4.24E+08
3.286314526,-2.51E+08,-1.74E+08,4.25E+08
3.289315726,-2.44E+08,-1.82E+08,4.26E+08
3.292316927,-2.36E+08,-1.90E+08,4.26E+08
3.295318127,-2.29E+08,-1.98E+08,4.27E+08
3.298319328,-2.21E+08,-2.06E+08,4.27E+08
3.301320528,-2.14E+08,-2.14E+08,4.27E+08
3.304321729,-2.06E+08,-2.21E+08,4.27E+08
3.307322929,-1.98E+08,-2.29E+08,4.27E+08
3.31032413,-1.90E+08,-2.36E+08,4.26E+08
3.31332533,-1.82E+08,-2.44E+08,4.26E+08
3.316326531,-1.74E+08,-2.51E+08,4.25E+08
3.319327731,-1.66E+08,-2.58E+08,4.24E+08
3.322328932,-1.57E+08,-2.65E+08,4.23E+08
3.325330132,-1.49E+08,-2.72E+08,4.21E+08
3.328331333,-1.41E+08,-2.79E+08,4.20E+08
3.331332533,-1.32E+08,-2.86E+08,4.18E+08
3.334333733,-1.23E+08,-2.92E+08,4.16E+08
3.337334934,-1.15E+08,-2.99E+08,4.14E+08
3.340336134,-1.06E+08,-3.05E+08,4.12E+08
3.343337335,-9.76E+07,-3.11E+08,4.09E+08
3.346338535,-8.88E+07,-3.18E+08,4.06E+08
3.349339736,-8.01E+07,-3.23E+08,4.03E+08
3.352340936,-7.13E+07,-3.29E+08,4.00E+08
3.355342137,-6.24E+07,-3.35E+08,3.97E+08
3.358343337,-5.35E+07,-3.40E+08,3.94E+08
3.361344538,-4.47E+07,-3.46E+08,3.90E+08
3.364345738,-3.58E+07,-3.51E+08,3.87E+08
3.367346939,-2.68E+07,-3.56E+08,3.83E+08
3.370348139,-1.79E+07,-3.61E+08,3.79E+08
3.37334934,-8947511.913,-3.65E+08,3.74E+08
3.37635054,-1.15E-06,-3.70E+08,3.70E+08
3.379351741,8947511.913,-3.74E+08,3.65E+08
3.382352941,1.79E+07,-3.79E+08,3.61E+08
3.385354142,2.68E+07,-3.83E+08,3.56E+08
3.388355342,3.58E+07,-3.87E+08,3.51E+08
3.391356543,4.47E+07,-3.90E+08,3.46E+08
3.394357743,5.35E+07,-3.94E+08,3.40E+08
3.397358944,6.24E+07,-3.97E+08,3.35E+08
3.400360144,7.13E+07,-4.00E+08,3.29E+08
3.403361345,8.01E+07,-4.03E+08,3.23E+08
3.406362545,8.88E+07,-4.06E+08,3.18E+08
3.409363745,9.76E+07,-4.09E+08,3.11E+08
3.412364946,1.06E+08,-4.12E+08,3.05E+08
3.415366146,1.15E+08,-4.14E+08,2.99E+08
3.418367347,1.23E+08,-4.16E+08,2.92E+08
3.421368547,1.32E+08,-4.18E+08,2.86E+08
3.424369748,1.41E+08,-4.20E+08,2.79E+08
3.427370948,1.49E+08,-4.21E+08,2.72E+08
3.430372149,1.57E+08,-4.23E+08,2.65E+08
3.433373349,1.66E+08,-4.24E+08,2.58E+08
3.43637455,1.74E+08,-4.25E+08,2.51E+08
3.43937575,1.82E+08,-4.26E+08,2.44E+08
3.442376951,1.90E+08,-4.26E+08,2.36E+08
3.445378151,1.98E+08,-4.27E+08,2.29E+08
3.448379352,2.06E+08,-4.27E+08,2.21E+08
3.451380552,2.14E+08,-4.27E+08,2.14E+08
3.454381753,2.21E+08,-4.27E+08,2.06E+08
3.457382953,2.29E+08,-4.27E+08,1.98E+08
3.460384154,2.36E+08,-4.26E+08,1.90E+08
3.463385354,2.44E+08,-4.26E+08,1.82E+08
3.466386555,2.51E+08,-4.25E+08,1.74E+08
3.469387755,2.58E+08,-4.24E+08,1.66E+08
3.472388956,2.65E+08,-4.23E+08,1.57E+08
3.475390156,2.72E+08,-4.21E+08,1.49E+08
3.478391357,2.79E+08,-4.20E+08,1.41E+08
3.481392557,2.86E+08,-4.18E+08,1.32E+08
3.484393758,2.92E+08,-4.16E+08,1.23E+08
3.487394958,2.99E+08,-4.14E+08,1.15E+08
3.490396158,3.05E+08,-4.12E+08,1.06E+08
3.493397359,3.11E+08,-4.09E+08,9.76E+07
3.496398559,3.18E+08,-4.06E+08,8.88E+07
3.49939976,3.23E+08,-4.03E+08,8.01E+07
3.50240096,3.29E+08,-4.00E+08,7.13E+07
3.505402161,3.35E+08,-3.97E+08,6.24E+07
3.508403361,3.40E+08,-3.94E+08,5.35E+07
3.511404562,3.46E+08,-3.90E+08,4.47E+07
3.514405762,3.51E+08,-3.87E+08,3.58E+07
3.517406963,3.56E+08,-3.83E+08,2.68E+07
3.520408163,3.61E+08,-3.79E+08,1.79E+07
3.523409364,3.65E+08,-3.74E+08,8947511.913
3.526410564,3.70E+08,-3.70E+08,-4.19E-07
3.529411765,3.74E+08,-3.65E+08,-8947511.913
3.532412965,3.79E+08,-3.61E+08,-1.79E+07
3.535414166,3.83E+08,-3.56E+08,-2.68E+07
3.538415366,3.87E+08,-3.51E+08,-3.58E+07
3.541416567,3.90E+08,-3.46E+08,-4.47E+07
3.544417767,3.94E+08,-3.40E+08,-5.35E+07
3.547418968,3.97E+08,-3.35E+08,-6.24E+07
3.550420168,4.00E+08,-3.29E+08,-7.13E+07
3.553421369,4.03E+08,-3.23E+08,-8.01E+07
3.556422569,4.06E+08,-3.18E+08,-8.88E+07
3.55942377,4.09E+08,-3.11E+08,-9.76E+07
3.56242497,4.12E+08,-3.05E+08,-1.06E+08
3.56542617,4.14E+08,-2.99E+08,-1.15E+08
3.568427371,4.16E+08,-2.92E+08,-1.23E+08
3.571428571,4.18E+08,-2.86E+08,-1.32E+08
3.574429772,4.20E+08,-2.79E+08,-1.41E+08
3.577430972,4.21E+08,-2.72E+08,-1.49E+08
3.580432173,4.23E+08,-2.65E+08,-1.57E+08
3.583433373,4.24E+08,-2.58E+08,-1.66E+08
3.586434574,4.25E+08,-2.51E+08,-1.74E+08
3.589435774,4.26E+08,-2.44E+08,-1.82E+08
3.592436975,4.26E+08,-2.36E+08,-1.90E+08
3.595438175,4.27E+08,-2.29E+08,-1.98E+08
3.598439376,4.27E+08,-2.21E+08,-2.06E+08
3.601440576,4.27E+08,-2.14E+08,-2.14E+08
3.604441777,4.27E+08,-2.06E+08,-2.21E+08
3.607442977,4.27E+08,-1.98E+08,-2.29E+08
3.610444178,4.26E+08,-1.90E+08,-2.36E+08
3.613445378,4.26E+08,-1.82E+08,-2.44E+08
3.616446579,4.25E+08,-1.74E+08,-2.51E+08
3.619447779,4.24E+08,-1.66E+08,-2.58E+08
3.62244898,4.23E+08,-1.57E+08,-2.65E+08
3.62545018,4.21E+08,-1.49E+08,-2.72E+08
3.628451381,4.20E+08,-1.41E+08,-2.79E+08
3.631452581,4.18E+08,-1.32E+08,-2.86E+08
3.634453782,4.16E+08,-1.23E+08,-2.92E+08
3.637454982,4.14E+08,-1.15E+08,-2.99E+08
3.640456182,4.12E+08,-1.06E+08,-3.05E+08
3.643457383,4.09E+08,-9.76E+07,-3.11E+08
3.646458583,4.06E+08,-8.88E+07,-3.18E+08
3.649459784,4.03E+08,-8.01E+07,-3.23E+08
3.652460984,4.00E+08,-7.13E+07,-3.29E+08
3.655462185,3.97E+08,-6.24E+07,-3.35E+08
3.658463385,3.94E+08,-5.35E+07,-3.40E+08
3.661464586,3.90E+08,-4.47E+07,-3.46E+08
3.664465786,3.87E+08,-3.58E+07,-3.51E+08
3.667466987,3.83E+08,-2.68E+07,-3.56E+08
3.670468187,3.79E+08,-1.79E+07,-3.61E+08
3.673469388,3.74E+08,-8947511.913,-3.65E+08
3.676470588,3.70E+08,-1.15E-06,-3.70E+08
3.679471789,3.65E+08,8947511.913,-3.74E+08
3.682472989,3.61E+08,1.79E+07,-3.79E+08
3.68547419,3.56E+08,2.68E+07,-3.83E+08
3.68847539,3.51E+08,3.58E+07,-3.87E+08
3.691476591,3.46E+08,4.47E+07,-3.90E+08
3.694477791,3.40E+08,5.35E+07,-3.94E+08
3.697478992,3.35E+08,6.24E+07,-3.97E+08
3.700480192,3.29E+08,7.13E+07,-4.00E+08
3.703481393,3.23E+08,8.01E+07,-4.03E+08
3.706482593,3.18E+08,8.88E+07,-4.06E+08
3.709483794,3.11E+08,9.76E+07,-4.09E+08
3.712484994,3.05E+08,1.06E+08,-4.12E+08
3.715486194,2.99E+08,1.15E+08,-4.14E+08
3.718487395,2.92E+08,1.23E+08,-4.16E+08
3.721488595,2.86E+08,1.32E+08,-4.18E+08
3.724489796,2.79E+08,1.41E+08,-4.20E+08
3.727490996,2.72E+08,1.49E+08,-4.21E+08
3.730492197,2.65E+08,1.57E+08,-4.23E+08
3.733493397,2.58E+08,1.66E+08,-4.24E+08
3.736494598,2.51E+08,1.74E+08,-4.25E+08
3.739495798,2.44E+08,1.82E+08,-4.26E+08
3.742496999,2.36E+08,1.90E+08,-4.26E+08
3.745498199,2.29E+08,1.98E+08,-4.27E+08
3.7484994,2.21E+08,2.06E+08,-4.27E+08
3.7515006,2.14E+08,2.14E+08,-4.27E+08
3.754501801,2.06E+08,2.21E+08,-4.27E+08
3.757503001,1.98E+08,2.29E+08,-4.27E+08
3.760504202,1.90E+08,2.36E+08,-4.26E+08
3.763505402,1.82E+08,2.44E+08,-4.26E+08
3.766506603,1.74E+08,2.51E+08,-4.25E+08
3.769507803,1.66E+08,2.58E+08,-4.24E+08
3.772509004,1.57E+08,2.65E+08,-4.23E+08
3.775510204,1.49E+08,2.72E+08,-4.21E+08
3.778511405,1.41E+08,2.79E+08,-4.20E+08
3.781512605,1.32E+08,2.86E+08,-4.18E+08
3.784513806,1.23E+08,2.92E+08,-4.16E+08
3.787515006,1.15E+08,2.99E+08,-4.14E+08
3.790516206,1.06E+08,3.05E+08,-4.12E+08
3.793517407,9.76E+07,3.11E+08,-4.09E+08
3.796518607,8.88E+07,3.18E+08,-4.06E+08
3.799519808,8.01E+07,3.23E+08,-4.03E+08
3.802521008,7.13E+07,3.29E+08,-4.00E+08
3.805522209,6.24E+07,3.35E+08,-3.97E+08
3.808523409,5.35E+07,3.40E+08,-3.94E+08
3.81152461,4.47E+07,3.46E+08,-3.90E+08
3.81452581,3.58E+07,3.51E+08,-3.87E+08
3.817527011,2.68E+07,3.56E+08,-3.83E+08
3.820528211,1.79E+07,3.61E+08,-3.79E+08
3.823529412,8947511.913,3.65E+08,-3.74E+08
3.826530612,1.20E-06,3.70E+08,-3.70E+08
3.829531813,-8947511.913,3.74E+08,-3.65E+08
3.832533013,-1.79E+07,3.79E+08,-3.61E+08
3.835534214,-2.68E+07,3.83E+08,-3.56E+08
3.838535414,-3.58E+07,3.87E+08,-3.51E+08
3.841536615,-4.47E+07,3.90E+08,-3.46E+08
3.844537815,-5.35E+07,3.94E+08,-3.40E+08
3.847539016,-6.24E+07,3.97E+08,-3.35E+08
3.850540216,-7.13E+07,4.00E+08,-3.29E+08
3.853541417,-8.01E+07,4.03E+08,-3.23E+08
3.856542617,-8.88E+07,4.06E+08,-3.18E+08
3.859543818,-9.76E+07,4.09E+08,-3.11E+08
3.862545018,-1.06E+08,4.12E+08,-3.05E+08
3.865546218,-1.15E+08,4.14E+08,-2.99E+08
3.868547419,-1.23E+08,4.16E+08,-2.92E+08
3.871548619,-1.32E+08,4.18E+08,-2.86E+08
3.87454982,-1.41E+08,4.20E+08,-2.79E+08
3.87755102,-1.49E+08,4.21E+08,-2.72E+08
3.880552221,-1.57E+08,4.23E+08,-2.65E+08
3.883553421,-1.66E+08,4.24E+08,-2.58E+08
3.886554622,-1.74E+08,4.25E+08,-2.51E+08
3.889555822,-1.82E+08,4.26E+08,-2.44E+08
3.892557023,-1.90E+08,4.26E+08,-2.36E+08
3.895558223,-1.98E+08,4.27E+08,-2.29E+08
3.898559424,-2.06E+08,4.27E+08,-2.21E+08
3.901560624,-2.14E+08,4.27E+08,-2.14E+08
3.904561825,-2.21E+08,4.27E+08,-2.06E+08
3.907563025,-2.29E+08,4.27E+08,-1.98E+08
3.910564226,-2.36E+08,4.26E+08,-1.90E+08
3.913565426,-2.44E+08,4.26E+08,-1.82E+08
3.916566627,-2.51E+08,4.25E+08,-1.74E+08
3.919567827,-2.58E+08,4.24E+08,-1.66E+08
3.922569028,-2.65E+08,4.23E+08,-1.57E+08
3.925570228,-2.72E+08,4.21E+08,-1.49E+08
3.928571429,-2.79E+08,4.20E+08,-1.41E+08
3.931572629,-2.86E+08,4.18E+08,-1.32E+08
3.93457383,-2.92E+08,4.16E+08,-1.23E+08
3.93757503,-2.99E+08,4.14E+08,-1.15E+08
3.94057623,-3.05E+08,4.12E+08,-1.06E+08
3.943577431,-3.11E+08,4.09E+08,-9.76E+07
3.946578631,-3.18E+08,4.06E+08,-8.88E+07
3.949579832,-3.23E+08,4.03E+08,-8.01E+07
3.952581032,-3.29E+08,4.00E+08,-7.13E+07
3.955582233,-3.35E+08,3.97E+08,-6.24E+07
3.958583433,-3.40E+08,3.94E+08,-5.35E+07
3.961584634,-3.46E+08,3.90E+08,-4.47E+07
3.964585834,-3.51E+08,3.87E+08,-3.58E+07
3.967587035,-3.56E+08,3.83E+08,-2.68E+07
3.970588235,-3.61E+08,3.79E+08,-1.79E+07
3.973589436,-3.65E+08,3.74E+08,-8947511.913
3.976590636,-3.70E+08,3.70E+08,-1.15E-06
3.979591837,-3.74E+08,3.65E+08,8947511.913
3.982593037,-3.79E+08,3.61E+08,1.79E+07
3.985594238,-3.83E+08,3.56E+08,2.68E+07
3.988595438,-3.87E+08,3.51E+08,3.58E+07
3.991596639,-3.90E+08,3.46E+08,4.47E+07
3.994597839,-3.94E+08,3.40E+08,5.35E+07
3.99759904,-3.97E+08,3.35E+08,6.24E+07
4.00060024,-4.00E+08,3.29E+08,7.13E+07
4.003601441,-4.03E+08,3.23E+08,8.01E+07
4.006602641,-4.06E+08,3.18E+08,8.88E+07
4.009603842,-4.09E+08,3.11E+08,9.76E+07
4.012605042,-4.12E+08,3.05E+08,1.06E+08
4.015606242,-4.14E+08,2.99E+08,1.15E+08
4.018607443,-4.16E+08,2.92E+08,1.23E+08
4.021608643,-4.18E+08,2.86E+08,1.32E+08
4.024609844,-4.20E+08,2.79E+08,1.41E+08
4.027611044,-4.21E+08,2.72E+08,1.49E+08
4.030612245,-4.23E+08,2.65E+08,1.57E+08
4.033613445,-4.24E+08,2.58E+08,1.66E+08
4.036614646,-4.25E+08,2.51E+08,1.74E+08
4.039615846,-4.26E+08,2.44E+08,1.82E+08
4.042617047,-4.26E+08,2.36E+08,1.90E+08
4.045618247,-4.27E+08,2.29E+08,1.98E+08
4.048619448,-4.27E+08,2.21E+08,2.06E+08
4.051620648,-4.27E+08,2.14E+08,2.14E+08
4.054621849,-4.27E+08,2.06E+08,2.21E+08
4.057623049,-4.27E+08,1.98E+08,2.29E+08
4.06062425,-4.26E+08,1.90E+08,2.36E+08
4.06362545,-4.26E+08,1.82E+08,2.44E+08
4.066626651,-4.25E+08,1.74E+08,2.51E+08
4.069627851,-4.24E+08,1.66E+08,2.58E+08
4.072629052,-4.23E+08,1.57E+08,2.65E+08
4.075630252,-4.21E+08,1.49E+08,2.72E+08
4.078631453,-4.20E+08,1.41E+08,2.79E+08
4.081632653,-4.18E+08,1.32E+08,2.86E+08
4.084633854,-4.16E+08,1.23E+08,2.92E+08
4.087635054,-4.14E+08,1.15E+08,2.99E+08
4.090636255,-4.12E+08,1.06E+08,3.05E+08
4.093637455,-4.09E+08,9.76E+07,3.11E+08
4.096638655,-4.06E+08,8.88E+07,3.18E+08
4.099639856,-4.03E+08,8.01E+07,3.23E+08
4.102641056,-4.00E+08,7.13E+07,3.29E+08
4.105642257,-3.97E+08,6.24E+07,3.35E+08
4.108643457,-3.94E+08,5.35E+07,3.40E+08
4.111644658,-3.90E+08,4.47E+07,3.46E+08
4.114645858,-3.87E+08,3.58E+07,3.51E+08
4.117647059,-3.83E+08,2.68E+07,3.56E+08
4.120648259,-3.79E+08,1.79E+07,3.61E+08
4.12364946,-3.74E+08,8947511.913,3.65E+08
4.12665066,-3.70E+08,1.20E-06,3.70E+08
4.129651861,-3.65E+08,-8947511.913,3.74E+08
4.132653061,-3.61E+08,-1.79E+07,3.79E+08
4.135654262,-3.56E+08,-2.68E+07,3.83E+08
4.138655462,-3.51E+08,-3.58E+07,3.87E+08
4.141656663,-3.46E+08,-4.47E+07,3.90E+08
4.144657863,-3.40E+08,-5.35E+07,3.94E+08
4.147659064,-3.35E+08,-6.24E+07,3.97E+08
4.150660264,-3.29E+08,-7.13E+07,4.00E+08
4.153661465,-3.23E+08,-8.01E+07,4.03E+08
4.156662665,-3.18E+08,-8.88E+07,4.06E+08
4.159663866,-3.11E+08,-9.76E+07,4.09E+08
4.162665066,-3.05E+08,-1.06E+08,4.12E+08
4.165666267,-2.99E+08,-1.15E+08,4.14E+08
4.168667467,-2.92E+08,-1.23E+08,4.16E+08
4.171668667,-2.86E+08,-1.32E+08,4.18E+08
4.174669868,-2.79E+08,-1.41E+08,4.20E+08
4.177671068,-2.72E+08,-1.49E+08,4.21E+08
4.180672269,-2.65E+08,-1.57E+08,4.23E+08
4.183673469,-2.58E+08,-1.66E+08,4.24E+08
4.18667467,-2.51E+08,-1.74E+08,4.25E+08
4.18967587,-2.44E+08,-1.82E+08,4.26E+08
4.192677071,-2.36E+08,-1.90E+08,4.26E+08
4.195678271,-2.29E+08,-1.98E+08,4.27E+08
4.198679472,-2.21E+08,-2.06E+08,4.27E+08
4.201680672,-2.14E+08,-2.14E+08,4.27E+08
4.204681873,-2.06E+08,-2.21E+08,4.27E+08
4.207683073,-1.98E+08,-2.29E+08,4.27E+08
4.210684274,-1.90E+08,-2.36E+08,4.26E+08
4.213685474,-1.82E+08,-2.44E+08,4.26E+08
4.216686675,-1.74E+08,-2.51E+08,4.25E+08
4.219687875,-1.66E+08,-2.58E+08,4.24E+08
4.222689076,-1.57E+08,-2.65E+08,4.23E+08
4.225690276,-1.49E+08,-2.72E+08,4.21E+08
4.228691477,-1.41E+08,-2.79E+08,4.20E+08
4.231692677,-1.32E+08,-2.86E+08,4.18E+08
4.234693878,-1.23E+08,-2.92E+08,4.16E+08
4.237695078,-1.15E+08,-2.99E+08,4.14E+08
4.240696279,-1.06E+08,-3.05E+08,4.12E+08
4.243697479,-9.76E+07,-3.11E+08,4.09E+08
4.246698679,-8.88E+07,-3.18E+08,4.06E+08
4.24969988,-8.01E+07,-3.23E+08,4.03E+08
4.25270108,-7.13E+07,-3.29E+08,4.00E+08
4.255702281,-6.24E+07,-3.35E+08,3.97E+08
4.258703481,-5.35E+07,-3.40E+08,3.94E+08
4.261704682,-4.47E+07,-3.46E+08,3.90E+08
4.264705882,-3.58E+07,-3.51E+08,3.87E+08
4.267707083,-2.68E+07,-3.56E+08,3.83E+08
4.270708283,-1.79E+07,-3.61E+08,3.79E+08
4.273709484,-8947511.913,-3.65E+08,3.74E+08
4.276710684,-1.26E-06,-3.70E+08,3.70E+08
4.279711885,8947511.913,-3.74E+08,3.65E+08
4.282713085,1.79E+07,-3.79E+08,3.61E+08
4.285714286,2.68E+07,-3.83E+08,3.56E+08
4.288715486,3.58E+07,-3.87E+08,3.51E+08
4.291716687,4.47E+07,-3.90E+08,3.46E+08
4.294717887,5.35E+07,-3.94E+08,3.40E+08
4.297719088,6.24E+07,-3.97E+08,3.35E+08
4.300720288,7.13E+07,-4.00E+08,3.29E+08
4.303721489,8.01E+07,-4.03E+08,3.23E+08
4.306722689,8.88E+07,-4.06E+08,3.18E+08
4.30972389,9.76E+07,-4.09E+08,3.11E+08
4.31272509,1.06E+08,-4.12E+08,3.05E+08
4.315726291,1.15E+08,-4.14E+08,2.99E+08
4.318727491,1.23E+08,-4.16E+08,2.92E+08
4.321728691,1.32E+08,-4.18E+08,2.86E+08
4.324729892,1.41E+08,-4.20E+08,2.79E+08
4.327731092,1.49E+08,-4.21E+08,2.72E+08
4.330732293,1.57E+08,-4.23E+08,2.65E+08
4.333733493,1.66E+08,-4.24E+08,2.58E+08
4.336734694,1.74E+08,-4.25E+08,2.51E+08
4.339735894,1.82E+08,-4.26E+08,2.44E+08
4.342737095,1.90E+08,-4.26E+08,2.36E+08
4.345738295,1.98E+08,-4.27E+08,2.29E+08
4.348739496,2.06E+08,-4.27E+08,2.21E+08
4.351740696,2.14E+08,-4.27E+08,2.14E+08
4.354741897,2.21E+08,-4.27E+08,2.06E+08
4.357743097,2.29E+08,-4.27E+08,1.98E+08
4.360744298,2.36E+08,-4.26E+08,1.90E+08
4.363745498,2.44E+08,-4.26E+08,1.82E+08
4.366746699,2.51E+08,-4.25E+08,1.74E+08
4.369747899,2.58E+08,-4.24E+08,1.66E+08
4.3727491,2.65E+08,-4.23E+08,1.57E+08
4.3757503,2.72E+08,-4.21E+08,1.49E+08
4.378751501,2.79E+08,-4.20E+08,1.41E+08
4.381752701,2.86E+08,-4.18E+08,1.32E+08
4.384753902,2.92E+08,-4.16E+08,1.23E+08
4.387755102,2.99E+08,-4.14E+08,1.15E+08
4.390756303,3.05E+08,-4.12E+08,1.06E+08
4.393757503,3.11E+08,-4.09E+08,9.76E+07
4.396758703,3.18E+08,-4.06E+08,8.88E+07
4.399759904,3.23E+08,-4.03E+08,8.01E+07
4.402761104,3.29E+08,-4.00E+08,7.13E+07
4.405762305,3.35E+08,-3.97E+08,6.24E+07
4.408763505,3.40E+08,-3.94E+08,5.35E+07
4.411764706,3.46E+08,-3.90E+08,4.47E+07
4.414765906,3.51E+08,-3.87E+08,3.58E+07
4.417767107,3.56E+08,-3.83E+08,2.68E+07
4.420768307,3.61E+08,-3.79E+08,1.79E+07
4.423769508,3.65E+08,-3.74E+08,8947511.913
4.426770708,3.70E+08,-3.70E+08,-3.14E-07
4.429771909,3.74E+08,-3.65E+08,-8947511.913
4.432773109,3.79E+08,-3.61E+08,-1.79E+07
4.43577431,3.83E+08,-3.56E+08,-2.68E+07
4.43877551,3.87E+08,-3.51E+08,-3.58E+07
4.441776711,3.90E+08,-3.46E+08,-4.47E+07
4.444777911,3.94E+08,-3.40E+08,-5.35E+07
4.447779112,3.97E+08,-3.35E+08,-6.24E+07
4.450780312,4.00E+08,-3.29E+08,-7.13E+07
4.453781513,4.03E+08,-3.23E+08,-8.01E+07
4.456782713,4.06E+08,-3.18E+08,-8.88E+07
4.459783914,4.09E+08,-3.11E+08,-9.76E+07
4.462785114,4.12E+08,-3.05E+08,-1.06E+08
4.465786315,4.14E+08,-2.99E+08,-1.15E+08
4.468787515,4.16E+08,-2.92E+08,-1.23E+08
4.471788715,4.18E+08,-2.86E+08,-1.32E+08
4.474789916,4.20E+08,-2.79E+08,-1.41E+08
4.477791116,4.21E+08,-2.72E+08,-1.49E+08
4.480792317,4.23E+08,-2.65E+08,-1.57E+08
4.483793517,4.24E+08,-2.58E+08,-1.66E+08
4.486794718,4.25E+08,-2.51E+08,-1.74E+08
4.489795918,4.26E+08,-2.44E+08,-1.82E+08
4.492797119,4.26E+08,-2.36E+08,-1.90E+08
4.495798319,4.27E+08,-2.29E+08,-1.98E+08
4.49879952,4.27E+08,-2.21E+08,-2.06E+08
4.50180072,4.27E+08,-2.14E+08,-2.14E+08
4.504801921,4.27E+08,-2.06E+08,-2.21E+08
4.507803121,4.27E+08,-1.98E+08,-2.29E+08
4.510804322,4.26E+08,-1.90E+08,-2.36E+08
4.513805522,4.26E+08,-1.82E+08,-2.44E+08
4.516806723,4.25E+08,-1.74E+08,-2.51E+08
4.519807923,4.24E+08,-1.66E+08,-2.58E+08
4.522809124,4.23E+08,-1.57E+08,-2.65E+08
4.525810324,4.21E+08,-1.49E+08,-2.72E+08
4.528811525,4.20E+08,-1.41E+08,-2.79E+08
4.531812725,4.18E+08,-1.32E+08,-2.86E+08
4.534813926,4.16E+08,-1.23E+08,-2.92E+08
4.537815126,4.14E+08,-1.15E+08,-2.99E+08
4.540816327,4.12E+08,-1.06E+08,-3.05E+08
4.543817527,4.09E+08,-9.76E+07,-3.11E+08
4.546818727,4.06E+08,-8.88E+07,-3.18E+08
4.549819928,4.03E+08,-8.01E+07,-3.23E+08
4.552821128,4.00E+08,-7.13E+07,-3.29E+08
4.555822329,3.97E+08,-6.24E+07,-3.35E+08
4.558823529,3.94E+08,-5.35E+07,-3.40E+08
4.56182473,3.90E+08,-4.47E+07,-3.46E+08
4.56482593,3.87E+08,-3.58E+07,-3.51E+08
4.567827131,3.83E+08,-2.68E+07,-3.56E+08
4.570828331,3.79E+08,-1.79E+07,-3.61E+08
4.573829532,3.74E+08,-8947511.913,-3.65E+08
4.576830732,3.70E+08,-2.77E-06,-3.70E+08
4.579831933,3.65E+08,8947511.913,-3.74E+08
4.582833133,3.61E+08,1.79E+07,-3.79E+08
4.585834334,3.56E+08,2.68E+07,-3.83E+08
4.588835534,3.51E+08,3.58E+07,-3.87E+08
4.591836735,3.46E+08,4.47E+07,-3.90E+08
4.594837935,3.40E+08,5.35E+07,-3.94E+08
4.597839136,3.35E+08,6.24E+07,-3.97E+08
4.600840336,3.29E+08,7.13E+07,-4.00E+08
4.603841537,3.23E+08,8.01E+07,-4.03E+08
4.606842737,3.18E+08,8.88E+07,-4.06E+08
4.609843938,3.11E+08,9.76E+07,-4.09E+08
4.612845138,3.05E+08,1.06E+08,-4.12E+08
4.615846339,2.99E+08,1.15E+08,-4.14E+08
4.618847539,2.92E+08,1.23E+08,-4.16E+08
4.621848739,2.86E+08,1.32E+08,-4.18E+08
4.62484994,2.79E+08,1.41E+08,-4.20E+08
4.62785114,2.72E+08,1.49E+08,-4.21E+08
4.630852341,2.65E+08,1.57E+08,-4.23E+08
4.633853541,2.58E+08,1.66E+08,-4.24E+08
4.636854742,2.51E+08,1.74E+08,-4.25E+08
4.639855942,2.44E+08,1.82E+08,-4.26E+08
4.642857143,2.36E+08,1.90E+08,-4.26E+08
4.645858343,2.29E+08,1.98E+08,-4.27E+08
4.648859544,2.21E+08,2.06E+08,-4.27E+08
4.651860744,2.14E+08,2.14E+08,-4.27E+08
4.654861945,2.06E+08,2.21E+08,-4.27E+08
4.657863145,1.98E+08,2.29E+08,-4.27E+08
4.660864346,1.90E+08,2.36E+08,-4.26E+08
4.663865546,1.82E+08,2.44E+08,-4.26E+08
4.666866747,1.74E+08,2.51E+08,-4.25E+08
4.669867947,1.66E+08,2.58E+08,-4.24E+08
4.672869148,1.57E+08,2.65E+08,-4.23E+08
4.675870348,1.49E+08,2.72E+08,-4.21E+08
4.678871549,1.41E+08,2.79E+08,-4.20E+08
4.681872749,1.32E+08,2.86E+08,-4.18E+08
4.68487395,1.23E+08,2.92E+08,-4.16E+08
4.68787515,1.15E+08,2.99E+08,-4.14E+08
4.690876351,1.06E+08,3.05E+08,-4.12E+08
4.693877551,9.76E+07,3.11E+08,-4.09E+08
4.696878752,8.88E+07,3.18E+08,-4.06E+08
4.699879952,8.01E+07,3.23E+08,-4.03E+08
4.702881152,7.13E+07,3.29E+08,-4.00E+08
4.705882353,6.24E+07,3.35E+08,-3.97E+08
4.708883553,5.35E+07,3.40E+08,-3.94E+08
4.711884754,4.47E+07,3.46E+08,-3.90E+08
4.714885954,3.58E+07,3.51E+08,-3.87E+08
4.717887155,2.68E+07,3.56E+08,-3.83E+08
4.720888355,1.79E+07,3.61E+08,-3.79E+08
4.723889556,8947511.913,3.65E+08,-3.74E+08
4.726890756,2.83E-06,3.70E+08,-3.70E+08
4.729891957,-8947511.913,3.74E+08,-3.65E+08
4.732893157,-1.79E+07,3.79E+08,-3.61E+08
4.735894358,-2.68E+07,3.83E+08,-3.56E+08
4.738895558,-3.58E+07,3.87E+08,-3.51E+08
4.741896759,-4.47E+07,3.90E+08,-3.46E+08
4.744897959,-5.35E+07,3.94E+08,-3.40E+08
4.74789916,-6.24E+07,3.97E+08,-3.35E+08
4.75090036,-7.13E+07,4.00E+08,-3.29E+08
4.753901561,-8.01E+07,4.03E+08,-3.23E+08
4.756902761,-8.88E+07,4.06E+08,-3.18E+08
4.759903962,-9.76E+07,4.09E+08,-3.11E+08
4.762905162,-1.06E+08,4.12E+08,-3.05E+08
4.765906363,-1.15E+08,4.14E+08,-2.99E+08
4.768907563,-1.23E+08,4.16E+08,-2.92E+08
4.771908764,-1.32E+08,4.18E+08,-2.86E+08
4.774909964,-1.41E+08,4.20E+08,-2.79E+08
4.777911164,-1.49E+08,4.21E+08,-2.72E+08
4.780912365,-1.57E+08,4.23E+08,-2.65E+08
4.783913565,-1.66E+08,4.24E+08,-2.58E+08
4.786914766,-1.74E+08,4.25E+08,-2.51E+08
4.789915966,-1.82E+08,4.26E+08,-2.44E+08
4.792917167,-1.90E+08,4.26E+08,-2.36E+08
4.795918367,-1.98E+08,4.27E+08,-2.29E+08
4.798919568,-2.06E+08,4.27E+08,-2.21E+08
4.801920768,-2.14E+08,4.27E+08,-2.14E+08
4.804921969,-2.21E+08,4.27E+08,-2.06E+08
4.807923169,-2.29E+08,4.27E+08,-1.98E+08
4.81092437,-2.36E+08,4.26E+08,-1.90E+08
4.81392557,-2.44E+08,4.26E+08,-1.82E+08
4.816926771,-2.51E+08,4.25E+08,-1.74E+08
4.819927971,-2.58E+08,4.24E+08,-1.66E+08
4.822929172,-2.65E+08,4.23E+08,-1.57E+08
4.825930372,-2.72E+08,4.21E+08,-1.49E+08
4.828931573,-2.79E+08,4.20E+08,-1.41E+08
4.831932773,-2.86E+08,4.18E+08,-1.32E+08
4.834933974,-2.92E+08,4.16E+08,-1.23E+08
4.837935174,-2.99E+08,4.14E+08,-1.15E+08
4.840936375,-3.05E+08,4.12E+08,-1.06E+08
4.843937575,-3.11E+08,4.09E+08,-9.76E+07
4.846938776,-3.18E+08,4.06E+08,-8.88E+07
4.849939976,-3.23E+08,4.03E+08,-8.01E+07
4.852941176,-3.29E+08,4.00E+08,-7.13E+07
4.855942377,-3.35E+08,3.97E+08,-6.24E+07
4.858943577,-3.40E+08,3.94E+08,-5.35E+07
4.861944778,-3.46E+08,3.90E+08,-4.47E+07
4.864945978,-3.51E+08,3.87E+08,-3.58E+07
4.867947179,-3.56E+08,3.83E+08,-2.68E+07
4.870948379,-3.61E+08,3.79E+08,-1.79E+07
4.87394958,-3.65E+08,3.74E+08,-8947511.913
4.87695078,-3.70E+08,3.70E+08,-2.77E-06
4.879951981,-3.74E+08,3.65E+08,8947511.913
4.882953181,-3.79E+08,3.61E+08,1.79E+07
4.885954382,-3.83E+08,3.56E+08,2.68E+07
4.888955582,-3.87E+08,3.51E+08,3.58E+07
4.891956783,-3.90E+08,3.46E+08,4.47E+07
4.894957983,-3.94E+08,3.40E+08,5.35E+07
4.897959184,-3.97E+08,3.35E+08,6.24E+07
4.900960384,-4.00E+08,3.29E+08,7.13E+07
4.903961585,-4.03E+08,3.23E+08,8.01E+07
4.906962785,-4.06E+08,3.18E+08,8.88E+07
4.909963986,-4.09E+08,3.11E+08,9.76E+07
4.912965186,-4.12E+08,3.05E+08,1.06E+08
4.915966387,-4.14E+08,2.99E+08,1.15E+08
4.918967587,-4.16E+08,2.92E+08,1.23E+08
4.921968788,-4.18E+08,2.86E+08,1.32E+08
4.924969988,-4.20E+08,2.79E+08,1.41E+08
4.927971188,-4.21E+08,2.72E+08,1.49E+08
4.930972389,-4.23E+08,2.65E+08,1.57E+08
4.933973589,-4.24E+08,2.58E+08,1.66E+08
4.93697479,-4.25E+08,2.51E+08,1.74E+08
4.93997599,-4.26E+08,2.44E+08,1.82E+08
4.942977191,-4.26E+08,2.36E+08,1.90E+08
4.945978391,-4.27E+08,2.29E+08,1.98E+08
4.948979592,-4.27E+08,2.21E+08,2.06E+08
4.951980792,-4.27E+08,2.14E+08,2.14E+08
4.954981993,-4.27E+08,2.06E+08,2.21E+08
4.957983193,-4.27E+08,1.98E+08,2.29E+08
4.960984394,-4.26E+08,1.90E+08,2.36E+08
4.963985594,-4.26E+08,1.82E+08,2.44E+08
4.966986795,-4.25E+08,1.74E+08,2.51E+08
4.969987995,-4.24E+08,1.66E+08,2.58E+08
4.972989196,-4.23E+08,1.57E+08,2.65E+08
4.975990396,-4.21E+08,1.49E+08,2.72E+08
4.978991597,-4.20E+08,1.41E+08,2.79E+08
4.981992797,-4.18E+08,1.32E+08,2.86E+08
4.984993998,-4.16E+08,1.23E+08,2.92E+08
4.987995198,-4.14E+08,1.15E+08,2.99E+08
4.990996399,-4.12E+08,1.06E+08,3.05E+08
4.993997599,-4.09E+08,9.76E+07,3.11E+08
4.9969988,-4.06E+08,8.88E+07,3.18E+08
5,-4.03E+08,8.01E+07,3.23E+08
5.0030012,-4.00E+08,7.13E+07,3.29E+08
5.006002401,-3.97E+08,6.24E+07,3.35E+08
5.009003601,-3.94E+08,5.35E+07,3.40E+08
5.012004802,-3.90E+08,4.47E+07,3.46E+08
5.015006002,-3.87E+08,3.58E+07,3.51E+08
5.018007203,-3.83E+08,2.68E+07,3.56E+08
5.021008403,-3.79E+08,1.79E+07,3.61E+08
5.024009604,-3.74E+08,8947511.913,3.65E+08
5.027010804,-3.70E+08,-2.10E-07,3.70E+08
5.030012005,-3.65E+08,-8947511.913,3.74E+08
5.033013205,-3.61E+08,-1.79E+07,3.79E+08
5.036014406,-3.56E+08,-2.68E+07,3.83E+08
5.039015606,-3.51E+08,-3.58E+07,3.87E+08
5.042016807,-3.46E+08,-4.47E+07,3.90E+08
5.045018007,-3.40E+08,-5.35E+07,3.94E+08
5.048019208,-3.35E+08,-6.24E+07,3.97E+08
5.051020408,-3.29E+08,-7.13E+07,4.00E+08
5.054021609,-3.23E+08,-8.01E+07,4.03E+08
5.057022809,-3.18E+08,-8.88E+07,4.06E+08
5.06002401,-3.11E+08,-9.76E+07,4.09E+08
5.06302521,-3.05E+08,-1.06E+08,4.12E+08
5.066026411,-2.99E+08,-1.15E+08,4.14E+08
5.069027611,-2.92E+08,-1.23E+08,4.16E+08
5.072028812,-2.86E+08,-1.32E+08,4.18E+08
5.075030012,-2.79E+08,-1.41E+08,4.20E+08
5.078031212,-2.72E+08,-1.49E+08,4.21E+08
5.081032413,-2.65E+08,-1.57E+08,4.23E+08
5.084033613,-2.58E+08,-1.66E+08,4.24E+08
5.087034814,-2.51E+08,-1.74E+08,4.25E+08
5.090036014,-2.44E+08,-1.82E+08,4.26E+08
5.093037215,-2.36E+08,-1.90E+08,4.26E+08
5.096038415,-2.29E+08,-1.98E+08,4.27E+08
5.099039616,-2.21E+08,-2.06E+08,4.27E+08
5.102040816,-2.14E+08,-2.14E+08,4.27E+08
5.105042017,-2.06E+08,-2.21E+08,4.27E+08
5.108043217,-1.98E+08,-2.29E+08,4.27E+08
5.111044418,-1.90E+08,-2.36E+08,4.26E+08
5.114045618,-1.82E+08,-2.44E+08,4.26E+08
5.117046819,-1.74E+08,-2.51E+08,4.25E+08
5.120048019,-1.66E+08,-2.58E+08,4.24E+08
5.12304922,-1.57E+08,-2.65E+08,4.23E+08
5.12605042,-1.49E+08,-2.72E+08,4.21E+08
5.129051621,-1.41E+08,-2.79E+08,4.20E+08
5.132052821,-1.32E+08,-2.86E+08,4.18E+08
5.135054022,-1.23E+08,-2.92E+08,4.16E+08
5.138055222,-1.15E+08,-2.99E+08,4.14E+08
5.141056423,-1.06E+08,-3.05E+08,4.12E+08
5.144057623,-9.76E+07,-3.11E+08,4.09E+08
5.147058824,-8.88E+07,-3.18E+08,4.06E+08
5.150060024,-8.01E+07,-3.23E+08,4.03E+08
5.153061224,-7.13E+07,-3.29E+08,4.00E+08
5.156062425,-6.24E+07,-3.35E+08,3.97E+08
5.159063625,-5.35E+07,-3.40E+08,3.94E+08
5.162064826,-4.47E+07,-3.46E+08,3.90E+08
5.165066026,-3.58E+07,-3.51E+08,3.87E+08
5.168067227,-2.68E+07,-3.56E+08,3.83E+08
5.171068427,-1.79E+07,-3.61E+08,3.79E+08
5.174069628,-8947511.913,-3.65E+08,3.74E+08
5.177070828,-1.36E-06,-3.70E+08,3.70E+08
5.180072029,8947511.913,-3.74E+08,3.65E+08
5.183073229,1.79E+07,-3.79E+08,3.61E+08
5.18607443,2.68E+07,-3.83E+08,3.56E+08
5.18907563,3.58E+07,-3.87E+08,3.51E+08
5.192076831,4.47E+07,-3.90E+08,3.46E+08
5.195078031,5.35E+07,-3.94E+08,3.40E+08
5.198079232,6.24E+07,-3.97E+08,3.35E+08
5.201080432,7.13E+07,-4.00E+08,3.29E+08
5.204081633,8.01E+07,-4.03E+08,3.23E+08
5.207082833,8.88E+07,-4.06E+08,3.18E+08
5.210084034,9.76E+07,-4.09E+08,3.11E+08
5.213085234,1.06E+08,-4.12E+08,3.05E+08
5.216086435,1.15E+08,-4.14E+08,2.99E+08
5.219087635,1.23E+08,-4.16E+08,2.92E+08
5.222088836,1.32E+08,-4.18E+08,2.86E+08
5.225090036,1.41E+08,-4.20E+08,2.79E+08
5.228091236,1.49E+08,-4.21E+08,2.72E+08
5.231092437,1.57E+08,-4.23E+08,2.65E+08
5.234093637,1.66E+08,-4.24E+08,2.58E+08
5.237094838,1.74E+08,-4.25E+08,2.51E+08
5.240096038,1.82E+08,-4.26E+08,2.44E+08
5.243097239,1.90E+08,-4.26E+08,2.36E+08
5.246098439,1.98E+08,-4.27E+08,2.29E+08
5.24909964,2.06E+08,-4.27E+08,2.21E+08
5.25210084,2.14E+08,-4.27E+08,2.14E+08
5.255102041,2.21E+08,-4.27E+08,2.06E+08
5.258103241,2.29E+08,-4.27E+08,1.98E+08
5.261104442,2.36E+08,-4.26E+08,1.90E+08
5.264105642,2.44E+08,-4.26E+08,1.82E+08
5.267106843,2.51E+08,-4.25E+08,1.74E+08
5.270108043,2.58E+08,-4.24E+08,1.66E+08
5.273109244,2.65E+08,-4.23E+08,1.57E+08
5.276110444,2.72E+08,-4.21E+08,1.49E+08
5.279111645,2.79E+08,-4.20E+08,1.41E+08
5.282112845,2.86E+08,-4.18E+08,1.32E+08
5.285114046,2.92E+08,-4.16E+08,1.23E+08
5.288115246,2.99E+08,-4.14E+08,1.15E+08
5.291116447,3.05E+08,-4.12E+08,1.06E+08
5.294117647,3.11E+08,-4.09E+08,9.76E+07
5.297118848,3.18E+08,-4.06E+08,8.88E+07
5.300120048,3.23E+08,-4.03E+08,8.01E+07
5.303121248,3.29E+08,-4.00E+08,7.13E+07
5.306122449,3.35E+08,-3.97E+08,6.24E+07
5.309123649,3.40E+08,-3.94E+08,5.35E+07
5.31212485,3.46E+08,-3.90E+08,4.47E+07
5.31512605,3.51E+08,-3.87E+08,3.58E+07
5.318127251,3.56E+08,-3.83E+08,2.68E+07
5.321128451,3.61E+08,-3.79E+08,1.79E+07
5.324129652,3.65E+08,-3.74E+08,8947511.913
5.327130852,3.70E+08,-3.70E+08,2.83E-06
5.330132053,3.74E+08,-3.65E+08,-8947511.913
5.333133253,3.79E+08,-3.61E+08,-1.79E+07
5.336134454,3.83E+08,-3.56E+08,-2.68E+07
5.339135654,3.87E+08,-3.51E+08,-3.58E+07
5.342136855,3.90E+08,-3.46E+08,-4.47E+07
5.345138055,3.94E+08,-3.40E+08,-5.35E+07
5.348139256,3.97E+08,-3.35E+08,-6.24E+07
5.351140456,4.00E+08,-3.29E+08,-7.13E+07
5.354141657,4.03E+08,-3.23E+08,-8.01E+07
5.357142857,4.06E+08,-3.18E+08,-8.88E+07
5.360144058,4.09E+08,-3.11E+08,-9.76E+07
5.363145258,4.12E+08,-3.05E+08,-1.06E+08
5.366146459,4.14E+08,-2.99E+08,-1.15E+08
5.369147659,4.16E+08,-2.92E+08,-1.23E+08
5.37214886,4.18E+08,-2.86E+08,-1.32E+08
5.37515006,4.20E+08,-2.79E+08,-1.41E+08
5.378151261,4.21E+08,-2.72E+08,-1.49E+08
5.381152461,4.23E+08,-2.65E+08,-1.57E+08
5.384153661,4.24E+08,-2.58E+08,-1.66E+08
5.387154862,4.25E+08,-2.51E+08,-1.74E+08
5.390156062,4.26E+08,-2.44E+08,-1.82E+08
5.393157263,4.26E+08,-2.36E+08,-1.90E+08
5.396158463,4.27E+08,-2.29E+08,-1.98E+08
5.399159664,4.27E+08,-2.21E+08,-2.06E+08
5.402160864,4.27E+08,-2.14E+08,-2.14E+08
5.405162065,4.27E+08,-2.06E+08,-2.21E+08
5.408163265,4.27E+08,-1.98E+08,-2.29E+08
5.411164466,4.26E+08,-1.90E+08,-2.36E+08
5.414165666,4.26E+08,-1.82E+08,-2.44E+08
5.417166867,4.25E+08,-1.74E+08,-2.51E+08
5.420168067,4.24E+08,-1.66E+08,-2.58E+08
5.423169268,4.23E+08,-1.57E+08,-2.65E+08
5.426170468,4.21E+08,-1.49E+08,-2.72E+08
5.429171669,4.20E+08,-1.41E+08,-2.79E+08
5.432172869,4.18E+08,-1.32E+08,-2.86E+08
5.43517407,4.16E+08,-1.23E+08,-2.92E+08
5.43817527,4.14E+08,-1.15E+08,-2.99E+08
5.441176471,4.12E+08,-1.06E+08,-3.05E+08
5.444177671,4.09E+08,-9.76E+07,-3.11E+08
5.447178872,4.06E+08,-8.88E+07,-3.18E+08
5.450180072,4.03E+08,-8.01E+07,-3.23E+08
5.453181273,4.00E+08,-7.13E+07,-3.29E+08
5.456182473,3.97E+08,-6.24E+07,-3.35E+08
5.459183673,3.94E+08,-5.35E+07,-3.40E+08
5.462184874,3.90E+08,-4.47E+07,-3.46E+08
5.465186074,3.87E+08,-3.58E+07,-3.51E+08
5.468187275,3.83E+08,-2.68E+07,-3.56E+08
5.471188475,3.79E+08,-1.79E+07,-3.61E+08
5.474189676,3.74E+08,-8947511.913,-3.65E+08
5.477190876,3.70E+08,-1.36E-06,-3.70E+08
5.480192077,3.65E+08,8947511.913,-3.74E+08
5.483193277,3.61E+08,1.79E+07,-3.79E+08
5.486194478,3.56E+08,2.68E+07,-3.83E+08
5.489195678,3.51E+08,3.58E+07,-3.87E+08
5.492196879,3.46E+08,4.47E+07,-3.90E+08
5.495198079,3.40E+08,5.35E+07,-3.94E+08
5.49819928,3.35E+08,6.24E+07,-3.97E+08
5.50120048,3.29E+08,7.13E+07,-4.00E+08
5.504201681,3.23E+08,8.01E+07,-4.03E+08
5.507202881,3.18E+08,8.88E+07,-4.06E+08
5.510204082,3.11E+08,9.76E+07,-4.09E+08
5.513205282,3.05E+08,1.06E+08,-4.12E+08
5.516206483,2.99E+08,1.15E+08,-4.14E+08
5.519207683,2.92E+08,1.23E+08,-4.16E+08
5.522208884,2.86E+08,1.32E+08,-4.18E+08
5.525210084,2.79E+08,1.41E+08,-4.20E+08
5.528211285,2.72E+08,1.49E+08,-4.21E+08
5.531212485,2.65E+08,1.57E+08,-4.23E+08
5.534213685,2.58E+08,1.66E+08,-4.24E+08
5.537214886,2.51E+08,1.74E+08,-4.25E+08
5.540216086,2.44E+08,1.82E+08,-4.26E+08
5.543217287,2.36E+08,1.90E+08,-4.26E+08
5.546218487,2.29E+08,1.98E+08,-4.27E+08
5.549219688,2.21E+08,2.06E+08,-4.27E+08
5.552220888,2.14E+08,2.14E+08,-4.27E+08
5.555222089,2.06E+08,2.21E+08,-4.27E+08
5.558223289,1.98E+08,2.29E+08,-4.27E+08
5.56122449,1.90E+08,2.36E+08,-4.26E+08
5.56422569,1.82E+08,2.44E+08,-4.26E+08
5.567226891,1.74E+08,2.51E+08,-4.25E+08
5.570228091,1.66E+08,2.58E+08,-4.24E+08
5.573229292,1.57E+08,2.65E+08,-4.23E+08
5.576230492,1.49E+08,2.72E+08,-4.21E+08
5.579231693,1.41E+08,2.79E+08,-4.20E+08
5.582232893,1.32E+08,2.86E+08,-4.18E+08
5.585234094,1.23E+08,2.92E+08,-4.16E+08
5.588235294,1.15E+08,2.99E+08,-4.14E+08
5.591236495,1.06E+08,3.05E+08,-4.12E+08
5.594237695,9.76E+07,3.11E+08,-4.09E+08
5.597238896,8.88E+07,3.18E+08,-4.06E+08
5.600240096,8.01E+07,3.23E+08,-4.03E+08
5.603241297,7.13E+07,3.29E+08,-4.00E+08
5.606242497,6.24E+07,3.35E+08,-3.97E+08
5.609243697,5.35E+07,3.40E+08,-3.94E+08
5.612244898,4.47E+07,3.46E+08,-3.90E+08
5.615246098,3.58E+07,3.51E+08,-3.87E+08
5.618247299,2.68E+07,3.56E+08,-3.83E+08
5.621248499,1.79E+07,3.61E+08,-3.79E+08
5.6242497,8947511.913,3.65E+08,-3.74E+08
5.6272509,-1.05E-07,3.70E+08,-3.70E+08
5.630252101,-8947511.913,3.74E+08,-3.65E+08
5.633253301,-1.79E+07,3.79E+08,-3.61E+08
5.636254502,-2.68E+07,3.83E+08,-3.56E+08
5.639255702,-3.58E+07,3.87E+08,-3.51E+08
5.642256903,-4.47E+07,3.90E+08,-3.46E+08
5.645258103,-5.35E+07,3.94E+08,-3.40E+08
5.648259304,-6.24E+07,3.97E+08,-3.35E+08
5.651260504,-7.13E+07,4.00E+08,-3.29E+08
5.654261705,-8.01E+07,4.03E+08,-3.23E+08
5.657262905,-8.88E+07,4.06E+08,-3.18E+08
5.660264106,-9.76E+07,4.09E+08,-3.11E+08
5.663265306,-1.06E+08,4.12E+08,-3.05E+08
5.666266507,-1.15E+08,4.14E+08,-2.99E+08
5.669267707,-1.23E+08,4.16E+08,-2.92E+08
5.672268908,-1.32E+08,4.18E+08,-2.86E+08
5.675270108,-1.41E+08,4.20E+08,-2.79E+08
5.678271309,-1.49E+08,4.21E+08,-2.72E+08
5.681272509,-1.57E+08,4.23E+08,-2.65E+08
5.684273709,-1.66E+08,4.24E+08,-2.58E+08
5.68727491,-1.74E+08,4.25E+08,-2.51E+08
5.69027611,-1.82E+08,4.26E+08,-2.44E+08
5.693277311,-1.90E+08,4.26E+08,-2.36E+08
5.696278511,-1.98E+08,4.27E+08,-2.29E+08
5.699279712,-2.06E+08,4.27E+08,-2.21E+08
5.702280912,-2.14E+08,4.27E+08,-2.14E+08
5.705282113,-2.21E+08,4.27E+08,-2.06E+08
5.708283313,-2.29E+08,4.27E+08,-1.98E+08
5.711284514,-2.36E+08,4.26E+08,-1.90E+08
5.714285714,-2.44E+08,4.26E+08,-1.82E+08
5.717286915,-2.51E+08,4.25E+08,-1.74E+08
5.720288115,-2.58E+08,4.24E+08,-1.66E+08
5.723289316,-2.65E+08,4.23E+08,-1.57E+08
5.726290516,-2.72E+08,4.21E+08,-1.49E+08
5.729291717,-2.79E+08,4.20E+08,-1.41E+08
5.732292917,-2.86E+08,4.18E+08,-1.32E+08
5.735294118,-2.92E+08,4.16E+08,-1.23E+08
5.738295318,-2.99E+08,4.14E+08,-1.15E+08
5.741296519,-3.05E+08,4.12E+08,-1.06E+08
5.744297719,-3.11E+08,4.09E+08,-9.76E+07
5.74729892,-3.18E+08,4.06E+08,-8.88E+07
5.75030012,-3.23E+08,4.03E+08,-8.01E+07
5.753301321,-3.29E+08,4.00E+08,-7.13E+07
5.756302521,-3.35E+08,3.97E+08,-6.24E+07
5.759303721,-3.40E+08,3.94E+08,-5.35E+07
5.762304922,-3.46E+08,3.90E+08,-4.47E+07
5.765306122,-3.51E+08,3.87E+08,-3.58E+07
5.768307323,-3.56E+08,3.83E+08,-2.68E+07
5.771308523,-3.61E+08,3.79E+08,-1.79E+07
5.774309724,-3.65E+08,3.74E+08,-8947511.913
5.777310924,-3.70E+08,3.70E+08,-4.40E-06
5.780312125,-3.74E+08,3.65E+08,8947511.913
5.783313325,-3.79E+08,3.61E+08,1.79E+07
5.786314526,-3.83E+08,3.56E+08,2.68E+07
5.789315726,-3.87E+08,3.51E+08,3.58E+07
5.792316927,-3.90E+08,3.46E+08,4.47E+07
5.795318127,-3.94E+08,3.40E+08,5.35E+07
5.798319328,-3.97E+08,3.35E+08,6.24E+07
5.801320528,-4.00E+08,3.29E+08,7.13E+07
5.804321729,-4.03E+08,3.23E+08,8.01E+07
5.807322929,-4.06E+08,3.18E+08,8.88E+07
5.81032413,-4.09E+08,3.11E+08,9.76E+07
5.81332533,-4.12E+08,3.05E+08,1.06E+08
5.816326531,-4.14E+08,2.99E+08,1.15E+08
5.819327731,-4.16E+08,2.92E+08,1.23E+08
5.822328932,-4.18E+08,2.86E+08,1.32E+08
5.825330132,-4.20E+08,2.79E+08,1.41E+08
5.828331333,-4.21E+08,2.72E+08,1.49E+08
5.831332533,-4.23E+08,2.65E+08,1.57E+08
5.834333733,-4.24E+08,2.58E+08,1.66E+08
5.837334934,-4.25E+08,2.51E+08,1.74E+08
5.840336134,-4.26E+08,2.44E+08,1.82E+08
5.843337335,-4.26E+08,2.36E+08,1.90E+08
5.846338535,-4.27E+08,2.29E+08,1.98E+08
5.849339736,-4.27E+08,2.21E+08,2.06E+08
5.852340936,-4.27E+08,2.14E+08,2.14E+08
5.855342137,-4.27E+08,2.06E+08,2.21E+08
5.858343337,-4.27E+08,1.98E+08,2.29E+08
5.861344538,-4.26E+08,1.90E+08,2.36E+08
5.864345738,-4.26E+08,1.82E+08,2.44E+08
5.867346939,-4.25E+08,1.74E+08,2.51E+08
5.870348139,-4.24E+08,1.66E+08,2.58E+08
5.87334934,-4.23E+08,1.57E+08,2.65E+08
5.87635054,-4.21E+08,1.49E+08,2.72E+08
5.879351741,-4.20E+08,1.41E+08,2.79E+08
5.882352941,-4.18E+08,1.32E+08,2.86E+08
5.885354142,-4.16E+08,1.23E+08,2.92E+08
5.888355342,-4.14E+08,1.15E+08,2.99E+08
5.891356543,-4.12E+08,1.06E+08,3.05E+08
5.894357743,-4.09E+08,9.76E+07,3.11E+08
5.897358944,-4.06E+08,8.88E+07,3.18E+08
5.900360144,-4.03E+08,8.01E+07,3.23E+08
5.903361345,-4.00E+08,7.13E+07,3.29E+08
5.906362545,-3.97E+08,6.24E+07,3.35E+08
5.909363745,-3.94E+08,5.35E+07,3.40E+08
5.912364946,-3.90E+08,4.47E+07,3.46E+08
5.915366146,-3.87E+08,3.58E+07,3.51E+08
5.918367347,-3.83E+08,2.68E+07,3.56E+08
5.921368547,-3.79E+08,1.79E+07,3.61E+08
5.924369748,-3.74E+08,8947511.913,3.65E+08
5.927370948,-3.70E+08,2.93E-06,3.70E+08
5.930372149,-3.65E+08,-8947511.913,3.74E+08
5.933373349,-3.61E+08,-1.79E+07,3.79E+08
5.93637455,-3.56E+08,-2.68E+07,3.83E+08
5.93937575,-3.51E+08,-3.58E+07,3.87E+08
5.942376951,-3.46E+08,-4.47E+07,3.90E+08
5.945378151,-3.40E+08,-5.35E+07,3.94E+08
5.948379352,-3.35E+08,-6.24E+07,3.97E+08
5.951380552,-3.29E+08,-7.13E+07,4.00E+08
5.954381753,-3.23E+08,-8.01E+07,4.03E+08
5.957382953,-3.18E+08,-8.88E+07,4.06E+08
5.960384154,-3.11E+08,-9.76E+07,4.09E+08
5.963385354,-3.05E+08,-1.06E+08,4.12E+08
5.966386555,-2.99E+08,-1.15E+08,4.14E+08
5.969387755,-2.92E+08,-1.23E+08,4.16E+08
5.972388956,-2.86E+08,-1.32E+08,4.18E+08
5.975390156,-2.79E+08,-1.41E+08,4.20E+08
5.978391357,-2.72E+08,-1.49E+08,4.21E+08
5.981392557,-2.65E+08,-1.57E+08,4.23E+08
5.984393758,-2.58E+08,-1.66E+08,4.24E+08
5.987394958,-2.51E+08,-1.74E+08,4.25E+08
5.990396158,-2.44E+08,-1.82E+08,4.26E+08
5.993397359,-2.36E+08,-1.90E+08,4.26E+08
5.996398559,-2.29E+08,-1.98E+08,4.27E+08
5.99939976,-2.21E+08,-2.06E+08,4.27E+08
6.00240096,-2.14E+08,-2.14E+08,4.27E+08
6.005402161,-2.06E+08,-2.21E+08,4.27E+08
6.008403361,-1.98E+08,-2.29E+08,4.27E+08
6.011404562,-1.90E+08,-2.36E+08,4.26E+08
6.014405762,-1.82E+08,-2.44E+08,4.26E+08
6.017406963,-1.74E+08,-2.51E+08,4.25E+08
6.020408163,-1.66E+08,-2.58E+08,4.24E+08
6.023409364,-1.57E+08,-2.65E+08,4.23E+08
6.026410564,-1.49E+08,-2.72E+08,4.21E+08
6.029411765,-1.41E+08,-2.79E+08,4.20E+08
6.032412965,-1.32E+08,-2.86E+08,4.18E+08
6.035414166,-1.23E+08,-2.92E+08,4.16E+08
6.038415366,-1.15E+08,-2.99E+08,4.14E+08
6.041416567,-1.06E+08,-3.05E+08,4.12E+08
6.044417767,-9.76E+07,-3.11E+08,4.09E+08
6.047418968,-8.88E+07,-3.18E+08,4.06E+08
6.050420168,-8.01E+07,-3.23E+08,4.03E+08
6.053421369,-7.13E+07,-3.29E+08,4.00E+08
6.056422569,-6.24E+07,-3.35E+08,3.97E+08
6.05942377,-5.35E+07,-3.40E+08,3.94E+08
6.06242497,-4.47E+07,-3.46E+08,3.90E+08
6.06542617,-3.58E+07,-3.51E+08,3.87E+08
6.068427371,-2.68E+07,-3.56E+08,3.83E+08
6.071428571,-1.79E+07,-3.61E+08,3.79E+08
6.074429772,-8947511.913,-3.65E+08,3.74E+08
6.077430972,-1.47E-06,-3.70E+08,3.70E+08
6.080432173,8947511.913,-3.74E+08,3.65E+08
6.083433373,1.79E+07,-3.79E+08,3.61E+08
6.086434574,2.68E+07,-3.83E+08,3.56E+08
6.089435774,3.58E+07,-3.87E+08,3.51E+08
6.092436975,4.47E+07,-3.90E+08,3.46E+08
6.095438175,5.35E+07,-3.94E+08,3.40E+08
6.098439376,6.24E+07,-3.97E+08,3.35E+08
6.101440576,7.13E+07,-4.00E+08,3.29E+08
6.104441777,8.01E+07,-4.03E+08,3.23E+08
6.107442977,8.88E+07,-4.06E+08,3.18E+08
6.110444178,9.76E+07,-4.09E+08,3.11E+08
6.113445378,1.06E+08,-4.12E+08,3.05E+08
6.116446579,1.15E+08,-4.14E+08,2.99E+08
6.119447779,1.23E+08,-4.16E+08,2.92E+08
6.12244898,1.32E+08,-4.18E+08,2.86E+08
6.12545018,1.41E+08,-4.20E+08,2.79E+08
6.128451381,1.49E+08,-4.21E+08,2.72E+08
6.131452581,1.57E+08,-4.23E+08,2.65E+08
6.134453782,1.66E+08,-4.24E+08,2.58E+08
6.137454982,1.74E+08,-4.25E+08,2.51E+08
6.140456182,1.82E+08,-4.26E+08,2.44E+08
6.143457383,1.90E+08,-4.26E+08,2.36E+08
6.146458583,1.98E+08,-4.27E+08,2.29E+08
6.149459784,2.06E+08,-4.27E+08,2.21E+08
6.152460984,2.14E+08,-4.27E+08,2.14E+08
6.155462185,2.21E+08,-4.27E+08,2.06E+08
6.158463385,2.29E+08,-4.27E+08,1.98E+08
6.161464586,2.36E+08,-4.26E+08,1.90E+08
6.164465786,2.44E+08,-4.26E+08,1.82E+08
6.167466987,2.51E+08,-4.25E+08,1.74E+08
6.170468187,2.58E+08,-4.24E+08,1.66E+08
6.173469388,2.65E+08,-4.23E+08,1.57E+08
6.176470588,2.72E+08,-4.21E+08,1.49E+08
6.179471789,2.79E+08,-4.20E+08,1.41E+08
6.182472989,2.86E+08,-4.18E+08,1.32E+08
6.18547419,2.92E+08,-4.16E+08,1.23E+08
6.18847539,2.99E+08,-4.14E+08,1.15E+08
6.191476591,3.05E+08,-4.12E+08,1.06E+08
6.194477791,3.11E+08,-4.09E+08,9.76E+07
6.197478992,3.18E+08,-4.06E+08,8.88E+07
6.200480192,3.23E+08,-4.03E+08,8.01E+07
6.203481393,3.29E+08,-4.00E+08,7.13E+07
6.206482593,3.35E+08,-3.97E+08,6.24E+07
6.209483794,3.40E+08,-3.94E+08,5.35E+07
6.212484994,3.46E+08,-3.90E+08,4.47E+07
6.215486194,3.51E+08,-3.87E+08,3.58E+07
6.218487395,3.56E+08,-3.83E+08,2.68E+07
6.221488595,3.61E+08,-3.79E+08,1.79E+07
6.224489796,3.65E+08,-3.74E+08,8947511.913
6.227490996,3.70E+08,-3.70E+08,2.93E-06
6.230492197,3.74E+08,-3.65E+08,-8947511.913
6.233493397,3.79E+08,-3.61E+08,-1.79E+07
6.236494598,3.83E+08,-3.56E+08,-2.68E+07
6.239495798,3.87E+08,-3.51E+08,-3.58E+07
6.242496999,3.90E+08,-3.46E+08,-4.47E+07
6.245498199,3.94E+08,-3.40E+08,-5.35E+07
6.2484994,3.97E+08,-3.35E+08,-6.24E+07
6.2515006,4.00E+08,-3.29E+08,-7.13E+07
6.254501801,4.03E+08,-3.23E+08,-8.01E+07
6.257503001,4.06E+08,-3.18E+08,-8.88E+07
6.260504202,4.09E+08,-3.11E+08,-9.76E+07
6.263505402,4.12E+08,-3.05E+08,-1.06E+08
6.266506603,4.14E+08,-2.99E+08,-1.15E+08
6.269507803,4.16E+08,-2.92E+08,-1.23E+08
6.272509004,4.18E+08,-2.86E+08,-1.32E+08
6.275510204,4.20E+08,-2.79E+08,-1.41E+08
6.278511405,4.21E+08,-2.72E+08,-1.49E+08
6.281512605,4.23E+08,-2.65E+08,-1.57E+08
6.284513806,4.24E+08,-2.58E+08,-1.66E+08
6.287515006,4.25E+08,-2.51E+08,-1.74E+08
6.290516206,4.26E+08,-2.44E+08,-1.82E+08
6.293517407,4.26E+08,-2.36E+08,-1.90E+08
6.296518607,4.27E+08,-2.29E+08,-1.98E+08
6.299519808,4.27E+08,-2.21E+08,-2.06E+08
6.302521008,4.27E+08,-2.14E+08,-2.14E+08
